0.08	4.93	
0.14	4.875	
0.2	4.877	
0.27	4.881	
0.33	4.808	
0.39	5.013	
0.46	4.785	
0.52	4.845	
0.58	4.878	
0.65	4.838	
0.71	4.867	
0.77	4.92	
0.84	4.817	
0.9	4.927	
0.96	4.88	
1.03	4.926	
1.09	4.828	
1.15	4.948	
1.22	4.899	
1.28	4.924	
1.34	4.915	
1.41	5.094	
1.47	4.754	
1.53	4.31	
1.6	4.676	
1.66	5.004	
1.72	4.931	
1.79	4.202	
1.85	4.449	
1.91	4.263	
1.98	4.54	
2.04	4.457	
2.1	4.906	
2.17	5.29	
2.23	4.95	
2.29	5.206	
2.36	5.407	
2.42	5.763	
2.48	3.752	
2.55	5.724	
2.61	4.74	
2.67	5.117	
2.74	5.201	
2.8	4.296	
2.87	4.525	
2.93	5.634	
2.99	4.85	
3.06	5.0	
3.12	5.671	
3.18	4.503	
3.25	5.434	
3.31	5.007	
3.37	4.72	
3.44	5.916	
3.5	4.035	
3.56	6.099	
3.63	4.615	
3.69	4.646	
3.75	5.56	
3.82	4.148	
3.88	5.331	
3.94	4.745	
4.01	4.256	
4.07	5.65	
4.13	4.27	
4.2	5.342	
4.26	5.386	
4.32	4.787	
4.39	6.077	
4.45	4.741	
4.51	5.699	
4.58	5.42	
4.64	4.725	
4.7	6.173	
4.77	4.299	
4.83	5.458	
4.89	4.997	
4.96	4.185	
5.02	5.605	
5.08	4.145	
5.15	5.182	
5.21	5.183	
5.27	4.362	
5.34	5.772	
5.4	4.388	
5.46	5.278	
5.53	6.156	
5.59	4.745	
5.65	6.499	
5.72	5.101	
5.78	5.325	
5.84	5.955	
5.91	4.524	
5.97	5.711	
6.03	4.641	
6.1	4.228	
6.16	5.456	
6.22	4.105	
6.29	5.382	
6.35	4.973	
6.41	4.561	
6.48	5.905	
6.54	4.139	
6.6	5.927	
6.67	5.268	
6.73	5.287	
6.8	6.849	
6.86	4.88	
6.92	6.409	
6.99	5.311	
7.05	4.687	
7.11	5.784	
7.17	4.242	
7.24	5.066	
7.3	5.3	
7.36	3.855	
7.43	5.82	
7.49	4.084	
7.56	5.238	
7.62	5.188	
7.68	4.462	
7.75	5.839	
7.81	4.559	
7.87	5.555	
7.94	5.676	
8.0	4.631	
8.06	6.342	
8.13	4.63	
8.19	5.449	
8.25	5.419	
8.32	4.397	
8.38	5.569	
8.44	4.689	
8.51	4.812	
8.57	5.661	
8.63	4.089	
8.7	5.735	
8.76	4.488	
8.82	4.782	
8.89	5.716	
8.95	4.368	
9.01	5.875	
9.08	5.081	
9.14	4.631	
9.2	5.686	
9.27	4.417	
9.33	5.436	
9.39	5.283	
9.46	4.685	
9.52	5.855	
9.58	4.063	
9.65	5.543	
9.71	4.646	
9.77	4.615	
9.84	5.853	
9.9	4.194	
9.97	5.808	
10.03	4.866	
10.09	4.598	
10.15	6.027	
10.22	4.58	
10.28	5.29	
10.35	5.415	
10.41	4.365	
10.47	5.977	
10.54	4.223	
10.6	5.399	
10.66	5.379	
10.73	4.624	
10.79	5.876	
10.85	4.448	
10.91	4.98	
10.98	5.263	
11.04	4.158	
11.11	5.849	
11.17	4.823	
11.23	5.073	
11.3	5.713	
11.36	4.404	
11.42	6.013	
11.49	4.462	
11.55	5.276	
11.61	5.921	
11.68	4.185	
11.74	6.108	
11.8	4.498	
11.87	5.012	
11.93	5.973	
11.99	4.315	
12.06	5.928	
12.12	4.781	
12.18	4.865	
12.25	5.51	
12.31	4.422	
12.37	5.453	
12.44	5.161	
12.5	4.707	
12.56	5.971	
12.63	3.973	
12.69	5.658	
12.75	4.756	
12.82	4.621	
12.88	5.868	
12.94	4.389	
13.01	5.695	
13.07	5.292	
13.13	4.438	
13.2	6.253	
13.26	4.32	
13.32	5.355	
13.39	5.568	
13.45	4.15	
13.51	6.197	
13.58	4.216	
13.64	5.626	
13.7	5.532	
13.77	4.596	
13.83	6.062	
13.89	4.482	
13.96	5.336	
14.02	5.507	
14.08	4.456	
14.15	5.928	
14.21	4.894	
14.27	4.518	
14.34	5.655	
14.4	4.169	
14.47	5.806	
14.53	4.714	
14.59	5.077	
14.65	5.679	
14.72	4.326	
14.78	5.925	
14.85	4.969	
14.91	4.838	
14.97	6.145	
15.04	4.117	
15.1	6.281	
15.16	4.583	
15.23	4.643	
15.29	5.756	
15.35	4.313	
15.42	5.545	
15.48	5.237	
15.54	4.303	
15.61	5.905	
15.67	4.061	
15.73	5.606	
15.8	5.164	
15.86	4.833	
15.92	6.029	
15.99	4.459	
16.05	5.549	
16.11	5.268	
16.18	4.498	
16.24	6.105	
16.3	4.711	
16.37	5.046	
16.43	5.665	
16.49	4.115	
16.56	6.223	
16.62	4.207	
16.68	5.474	
16.75	5.407	
16.81	4.186	
16.87	6.097	
16.94	4.318	
17.0	5.068	
17.06	5.952	
17.13	4.34	
17.19	6.215	
17.25	4.707	
17.32	4.751	
17.38	5.62	
17.44	4.271	
17.51	5.766	
17.57	4.939	
17.63	5.145	
17.7	5.935	
17.76	4.317	
17.82	6.004	
17.89	4.968	
17.95	4.979	
18.01	6.114	
18.08	4.098	
18.14	5.844	
18.2	4.967	
18.27	4.688	
18.33	5.832	
18.39	4.368	
18.46	5.7	
18.52	5.283	
18.59	4.295	
18.65	5.965	
18.71	4.024	
18.78	5.472	
18.84	5.41	
18.9	4.379	
18.97	5.969	
19.03	4.2	
19.09	5.362	
19.16	5.069	
19.22	4.644	
19.28	5.836	
19.35	4.833	
19.41	5.346	
19.47	5.891	
19.54	4.139	
19.6	6.532	
19.66	4.292	
19.73	5.532	
19.79	5.571	
19.85	4.232	
19.92	6.018	
19.98	4.634	
20.04	5.194	
20.11	5.737	
20.17	4.35	
20.23	6.148	
20.3	4.775	
20.36	4.675	
20.42	5.681	
20.49	4.108	
20.55	6.008	
20.61	4.981	
20.68	5.049	
20.74	5.901	
20.8	4.203	
20.87	5.756	
20.93	4.691	
20.99	4.793	
21.06	5.871	
21.12	4.351	
21.18	5.96	
21.25	5.136	
21.31	4.668	
21.37	6.063	
21.44	4.361	
21.5	5.911	
21.56	5.18	
21.63	4.345	
21.69	5.898	
21.75	4.407	
21.82	5.529	
21.88	5.426	
21.94	4.342	
22.01	5.866	
22.07	4.391	
22.13	5.281	
22.2	5.603	
22.26	4.59	
22.32	5.907	
22.39	4.895	
22.45	5.057	
22.51	5.727	
22.58	4.324	
22.64	6.262	
22.71	4.692	
22.77	5.334	
22.83	5.591	
22.9	4.339	
22.96	5.882	
23.02	4.48	
23.08	5.194	
23.15	5.872	
23.21	4.079	
23.28	5.905	
23.34	4.958	
23.4	4.675	
23.47	6.037	
23.53	4.215	
23.59	5.912	
23.66	4.733	
23.72	4.779	
23.78	5.587	
23.85	4.218	
23.91	5.762	
23.97	5.202	
24.04	4.903	
24.1	6.104	
24.16	4.357	
24.23	5.837	
24.29	5.104	
24.35	4.789	
24.42	5.761	
24.48	4.449	
24.54	5.629	
24.61	5.243	
24.67	4.586	
24.73	6.147	
24.8	4.118	
24.86	5.887	
24.92	5.254	
24.99	4.434	
25.05	6.044	
25.11	4.274	
25.18	5.357	
25.24	5.669	
25.3	4.525	
25.37	5.693	
25.43	4.757	
25.49	5.123	
25.56	5.301	
25.62	4.286	
25.68	6.139	
25.75	4.476	
25.81	5.645	
25.88	5.611	
25.94	4.417	
26.0	6.239	
26.06	4.459	
26.13	5.393	
26.19	5.626	
26.26	4.323	
26.32	5.83	
26.38	4.942	
26.45	4.838	
26.51	5.96	
26.57	4.105	
26.64	6.271	
26.7	4.606	
26.76	4.83	
26.82	5.565	
26.89	4.229	
26.95	5.992	
27.02	4.858	
27.08	4.962	
27.14	5.986	
27.21	4.09	
27.27	5.945	
27.33	4.847	
27.4	4.608	
27.46	5.938	
27.52	4.199	
27.59	6.107	
27.65	4.972	
27.71	4.827	
27.78	6.218	
27.84	4.328	
27.9	5.811	
27.97	5.04	
28.03	4.441	
28.09	5.952	
28.16	4.151	
28.22	5.513	
28.28	5.556	
28.35	4.505	
28.41	5.86	
28.47	4.64	
28.54	5.011	
28.6	5.284	
28.66	4.214	
28.73	6.37	
28.79	4.505	
28.85	5.688	
28.92	5.673	
28.98	4.574	
29.04	6.305	
29.11	4.185	
29.17	5.513	
29.23	5.614	
29.3	4.262	
29.36	5.873	
29.42	4.682	
29.49	4.903	
29.55	5.991	
29.62	4.214	
29.68	6.182	
29.74	4.53	
29.8	4.887	
29.87	5.897	
29.93	4.348	
29.99	5.839	
30.06	4.715	
30.12	4.717	
30.18	5.782	
30.25	4.017	
30.31	5.802	
30.38	5.46	
30.44	4.782	
30.5	6.384	
30.57	4.282	
30.63	6.079	
30.69	5.157	
30.76	5.029	
30.82	6.162	
30.88	4.108	
30.95	5.799	
31.01	4.872	
31.07	4.5	
31.14	6.024	
31.2	4.098	
31.26	5.614	
31.33	5.324	
31.39	4.413	
31.45	5.663	
31.52	4.522	
31.58	5.384	
31.64	5.894	
31.71	4.624	
31.77	6.329	
31.83	4.49	
31.9	5.605	
31.96	5.38	
32.02	4.456	
32.09	5.977	
32.15	4.568	
32.21	5.535	
32.28	5.411	
32.34	4.27	
32.4	5.614	
32.47	4.612	
32.53	5.04	
32.59	5.628	
32.66	4.082	
32.72	6.222	
32.78	4.667	
32.85	5.161	
32.91	6.092	
32.97	4.182	
33.04	6.24	
33.1	4.58	
33.16	4.999	
33.23	5.405	
33.29	4.433	
33.36	5.653	
33.42	5.176	
33.48	4.932	
33.55	5.734	
33.61	4.053	
33.67	6.011	
33.73	4.396	
33.8	4.982	
33.86	5.82	
33.92	4.28	
33.99	6.021	
34.05	4.984	
34.12	4.783	
34.18	6.254	
34.24	4.197	
34.31	6.032	
34.37	4.969	
34.43	4.48	
34.49	5.839	
34.56	4.219	
34.62	5.585	
34.69	5.286	
34.75	4.546	
34.81	6.071	
34.88	4.159	
34.94	5.541	
35.0	4.807	
35.07	4.748	
35.13	6.178	
35.19	4.776	
35.26	6.011	
35.32	5.658	
35.38	4.718	
35.45	6.059	
35.51	4.575	
35.57	5.397	
35.64	5.47	
35.7	4.232	
35.76	6.159	
35.83	4.273	
35.89	5.313	
35.95	5.495	
36.02	4.45	
36.08	6.125	
36.14	4.379	
36.21	5.284	
36.27	5.229	
36.33	4.563	
36.4	5.689	
36.46	4.94	
36.52	4.881	
36.59	5.761	
36.65	3.957	
36.71	6.106	
36.78	4.211	
36.84	5.286	
36.9	5.874	
36.97	4.397	
37.03	6.29	
37.09	4.831	
37.16	5.259	
37.22	6.007	
37.28	4.247	
37.35	5.905	
37.41	4.986	
37.47	4.652	
37.54	5.963	
37.6	4.187	
37.67	5.914	
37.73	4.957	
37.79	4.719	
37.85	5.809	
37.92	4.11	
37.98	5.715	
38.04	5.236	
38.11	4.822	
38.17	6.034	
38.24	4.151	
38.3	5.769	
38.36	5.07	
38.42	4.668	
38.49	5.748	
38.55	4.684	
38.62	5.44	
38.68	5.579	
38.74	4.19	
38.81	6.353	
38.87	4.18	
38.93	5.815	
39.0	5.328	
39.06	4.304	
39.12	5.967	
39.19	4.363	
39.25	5.419	
39.31	5.665	
39.38	4.364	
39.44	5.799	
39.5	4.766	
39.57	4.964	
39.63	5.459	
39.69	4.362	
39.76	5.912	
39.82	4.802	
39.88	5.277	
39.95	5.806	
40.01	4.076	
40.07	6.315	
40.14	4.451	
40.2	5.285	
40.26	5.567	
40.33	4.297	
40.39	5.874	
40.45	5.041	
40.52	4.639	
40.58	6.065	
40.64	4.154	
40.71	6.108	
40.77	4.555	
40.83	4.776	
40.9	5.555	
40.96	4.335	
41.02	5.789	
41.09	5.053	
41.15	4.775	
41.21	5.978	
41.28	4.208	
41.34	5.754	
41.4	4.879	
41.47	4.739	
41.53	5.994	
41.59	4.63	
41.66	6.028	
41.72	5.261	
41.79	4.669	
41.85	6.37	
41.91	4.305	
41.98	5.857	
42.04	5.132	
42.1	4.459	
42.16	5.988	
42.23	4.322	
42.29	5.363	
42.36	5.517	
42.42	4.505	
42.48	5.781	
42.55	4.442	
42.61	5.142	
42.67	5.203	
42.74	4.39	
42.8	6.208	
42.86	4.323	
42.93	5.593	
42.99	5.351	
43.05	4.267	
43.12	5.982	
43.18	4.079	
43.24	5.514	
43.31	5.598	
43.37	4.706	
43.43	6.078	
43.5	4.897	
43.56	5.455	
43.62	6.045	
43.69	4.733	
43.75	6.016	
43.81	4.556	
43.88	4.711	
43.94	5.401	
44.0	4.075	
44.07	5.907	
44.13	4.524	
44.19	5.364	
44.26	5.503	
44.32	4.298	
44.38	6.046	
44.45	4.599	
44.51	8.092	
44.57	4.866	
44.64	6.838	
44.7	5.513	
44.76	6.329	
44.83	5.548	
44.89	4.814	
44.95	5.434	
45.02	4.813	
45.08	5.307	
45.14	4.504	
45.21	5.567	
45.27	4.229	
45.34	5.678	
45.4	5.213	
45.46	6.459	
45.53	3.155	
45.59	6.215	
45.65	5.649	
45.72	6.293	
45.78	7.032	
45.84	5.823	
45.91	5.95	
45.97	5.628	
46.03	5.344	
46.1	6.125	
46.16	4.371	
46.22	5.087	
46.29	5.404	
46.35	4.805	
46.41	7.264	
46.48	2.543	
46.54	9.595	
46.6	3.968	
46.67	3.008	
46.73	11.046	
46.79	2.779	
46.86	6.383	
46.92	5.675	
46.98	6.614	
47.05	7.326	
47.11	5.711	
47.17	6.52	
47.24	4.676	
47.3	5.488	
47.36	5.393	
47.43	5.067	
47.49	4.594	
47.55	6.79	
47.62	2.514	
47.68	10.349	
47.74	2.816	
47.81	5.356	
47.87	7.433	
47.93	2.622	
48.0	8.194	
48.06	4.326	
48.12	6.391	
48.19	7.29	
48.25	3.652	
48.31	9.795	
48.38	3.971	
48.44	3.821	
48.5	7.749	
53.2	2.422	
53.34	8.142	
53.49	3.948	
53.62	6.665	
53.73	7.035	
53.85	2.908	
53.96	8.315	
54.08	3.17	
54.18	5.072	
54.3	6.907	
54.4	4.321	
54.52	6.071	
54.64	4.26	
54.76	5.616	
54.87	4.712	
54.97	5.338	
55.07	4.663	
55.17	5.045	
55.25	5.659	
55.35	4.353	
55.44	6.058	
55.54	4.925	
55.63	5.015	
55.71	5.846	
55.81	4.55	
55.91	5.846	
56.01	4.47	
56.08	5.411	
56.18	5.222	
56.29	4.725	
56.39	6.365	
56.5	4.594	
56.61	5.916	
56.72	5.571	
56.84	4.773	
56.95	6.168	
57.04	4.38	
57.15	5.741	
57.26	5.165	
57.36	4.579	
57.47	5.78	
57.57	4.365	
57.68	5.39	
57.77	5.394	
57.86	4.678	
57.95	5.815	
58.05	4.697	
58.14	5.214	
58.24	5.536	
58.33	4.728	
58.42	6.245	
58.52	4.906	
58.61	4.484	
58.7	4.813	
58.8	5.559	
58.9	4.508	
59.0	5.653	
59.09	5.969	
59.19	5.659	
59.28	5.761	
59.38	5.308	
59.47	5.196	
59.57	5.542	
59.68	5.533	
59.78	4.952	
59.87	5.384	
59.97	5.53	
60.07	5.657	
60.16	5.101	
60.26	5.12	
60.36	4.489	
60.47	4.769	
60.56	4.613	
60.67	4.782	
60.77	5.171	
60.87	5.389	
60.98	5.824	
61.07	6.127	
61.17	6.013	
61.27	5.986	
61.38	5.079	
61.47	5.456	
61.58	5.717	
61.67	5.185	
61.76	5.421	
61.85	5.062	
61.94	4.946	
62.03	4.421	
62.12	4.998	
62.22	5.003	
62.31	4.914	
62.4	5.179	
62.49	4.386	
62.59	4.951	
62.68	4.083	
62.77	5.189	
62.86	6.238	
62.96	4.092	
63.05	3.906	
63.14	6.101	
63.23	4.555	
63.32	5.08	
63.42	6.684	
63.52	3.29	
63.63	6.679	
63.72	3.093	
63.82	6.579	
63.91	3.309	
64.0	3.879	
64.1	5.844	
64.19	5.077	
64.29	4.635	
64.38	4.578	
64.48	5.249	
64.57	5.823	
64.67	4.115	
64.76	5.584	
64.86	5.098	
64.96	4.645	
65.05	5.787	
65.15	4.421	
65.24	4.824	
65.34	5.427	
65.44	5.396	
65.53	5.024	
65.65	5.513	
65.75	5.074	
65.84	4.899	
65.94	4.966	
66.04	4.914	
66.14	4.925	
66.24	4.994	
66.34	5.353	
66.44	5.842	
66.53	5.899	
66.63	5.942	
66.73	4.795	
66.82	4.889	
66.92	5.222	
67.02	5.313	
67.12	4.697	
67.22	5.128	
67.31	5.225	
67.42	5.19	
67.52	5.103	
67.63	4.814	
67.73	4.778	
67.83	5.182	
67.93	5.125	
68.03	4.778	
68.13	5.047	
68.23	5.19	
68.33	4.536	
68.43	5.68	
68.53	4.602	
68.63	5.457	
68.73	5.437	
68.84	4.847	
68.94	5.181	
69.04	4.773	
69.14	4.988	
69.24	5.219	
69.34	4.694	
69.45	5.217	
69.57	5.165	
69.67	4.641	
69.77	5.257	
69.87	5.151	
69.98	5.185	
70.08	5.195	
70.18	4.833	
70.28	5.083	
70.38	5.129	
70.48	4.881	
70.58	5.03	
70.68	5.053	
70.78	4.954	
70.89	4.894	
70.99	4.987	
71.09	5.031	
71.19	5.018	
71.29	5.026	
71.4	5.071	
71.5	4.967	
71.62	4.978	
71.72	5.087	
71.82	5.086	
71.93	5.12	
72.03	4.896	
72.14	5.073	
72.24	4.971	
72.34	5.049	
72.45	4.929	
72.55	4.971	
72.66	5.045	
72.76	5.029	
72.86	4.95	
72.97	5.009	
73.07	5.005	
73.17	4.965	
73.28	5.039	
73.38	4.979	
73.48	4.945	
73.61	4.951	
73.71	4.93	
73.8	4.966	
73.89	5.001	
73.98	4.996	
74.08	4.933	
74.17	5.039	
74.27	4.912	
74.36	4.994	
74.46	4.944	
74.55	4.969	
74.65	4.961	
74.74	4.931	
74.84	4.985	
74.93	4.97	
75.03	4.936	
75.12	4.985	
75.21	4.956	
75.31	4.942	
75.4	4.924	
75.5	4.967	
75.61	4.988	
75.7	4.956	
75.8	4.979	
75.89	4.913	
75.99	4.939	
76.09	5.021	
76.19	4.933	
76.28	4.961	
76.37	5.003	
76.47	4.923	
76.56	4.98	
76.66	4.982	
76.75	4.928	
76.84	4.98	
76.95	4.914	
77.04	4.931	
77.14	4.97	
77.23	4.948	
77.34	4.93	
77.44	4.961	
77.53	4.884	
77.63	4.916	
77.74	4.893	
77.83	4.949	
77.93	4.883	
78.02	4.878	
78.12	4.916	
78.21	4.867	
78.31	4.944	
78.4	4.93	
78.5	4.91	
78.59	4.88	
78.68	4.92	
78.78	4.914	
78.88	4.912	
78.97	4.934	
79.07	4.865	
79.17	4.927	
79.27	4.853	
79.37	4.925	
79.48	4.911	
79.57	4.926	
79.67	4.916	
79.77	4.631	
79.88	4.806	
79.98	4.691	
80.07	4.584	
80.17	4.456	
80.27	4.637	
80.36	4.28	
80.46	5.754	
80.55	3.804	
80.65	3.381	
80.75	4.229	
80.85	4.514	
80.94	7.173	
81.04	6.693	
81.13	4.473	
81.23	3.842	
81.33	6.408	
81.43	4.233	
81.52	4.588	
81.62	6.595	
81.72	2.911	
81.81	5.603	
81.91	5.429	
82.02	4.595	
82.12	6.098	
82.21	5.722	
82.31	5.404	
82.42	4.87	
82.51	5.625	
82.61	5.623	
82.71	4.909	
82.83	4.992	
82.92	5.022	
83.02	5.105	
83.11	4.933	
83.21	4.838	
83.31	4.936	
83.41	5.101	
83.51	5.005	
83.61	5.052	
83.71	4.648	
83.8	4.553	
83.9	5.715	
84.0	5.866	
84.12	5.3	
84.22	3.047	
84.32	3.883	
84.42	3.426	
84.52	3.396	
84.62	3.116	
84.72	3.835	
84.82	2.799	
84.91	3.145	
85.02	4.904	
85.11	2.919	
85.21	3.767	
85.31	3.357	
85.41	2.694	
85.51	1.803	
85.61	1.242	
85.71	1.64	
85.82	2.439	
85.92	1.144	
86.03	1.67	
86.14	2.592	
86.25	3.659	
86.35	0.994	
86.45	1.269	
86.56	0.905	
86.66	1.24	
86.76	1.009	
86.87	1.045	
86.97	1.365	
87.07	1.094	
87.17	0.797	
87.28	0.988	
87.38	0.793	
87.48	0.68	
87.59	0.821	
87.69	0.88	
87.79	1.01	
87.89	0.946	
88.0	1.029	
88.11	0.967	
88.21	0.933	
88.32	0.939	
88.42	0.956	
88.53	0.967	
88.63	0.97	
88.74	0.903	
88.84	0.903	
88.94	0.901	
89.05	0.895	
89.15	0.916	
89.26	0.957	
89.36	0.939	
89.47	0.908	
89.57	0.92	
89.68	0.902	
89.78	0.873	
89.89	0.922	
89.99	0.85	
90.11	0.903	
90.22	0.851	
90.33	0.885	
90.43	0.857	
90.53	0.879	
90.64	0.896	
90.74	0.895	
90.84	0.864	
90.95	0.859	
91.05	0.913	
91.16	0.929	
91.26	0.896	
91.37	0.939	
91.47	0.9	
91.57	0.928	
91.68	0.879	
91.78	0.822	
91.89	0.889	
91.99	0.833	
92.11	0.878	
92.21	0.929	
92.32	0.899	
92.42	0.826	
92.52	0.794	
92.63	0.784	
92.74	0.884	
92.84	0.908	
92.94	0.868	
93.05	0.805	
93.15	0.851	
93.26	0.917	
93.36	0.855	
93.47	0.883	
93.57	0.874	
93.68	0.844	
93.79	0.807	
93.89	0.815	
94.0	0.793	
94.12	0.853	
94.21	0.908	
94.31	0.867	
94.4	0.884	
94.5	0.846	
94.59	0.84	
94.69	0.839	
94.78	0.848	
94.88	0.865	
94.98	0.852	
95.08	0.813	
95.17	0.774	
95.27	0.819	
95.37	0.803	
95.46	0.862	
95.56	0.828	
95.65	0.81	
95.75	0.759	
95.84	0.837	
95.94	0.842	
96.04	0.906	
96.15	0.826	
96.25	0.813	
96.34	0.788	
96.44	0.811	
96.53	0.854	
96.63	0.856	
96.72	0.744	
96.82	0.751	
96.91	0.767	
97.01	0.778	
97.1	0.791	
97.2	0.819	
97.29	0.784	
97.39	0.77	
97.48	0.755	
97.58	0.799	
97.68	0.787	
97.77	0.763	
97.87	0.735	
97.96	0.782	
98.06	0.742	
98.16	0.772	
98.27	0.799	
98.37	0.792	
98.47	0.792	
98.57	0.819	
98.66	0.775	
98.76	0.79	
98.86	0.794	
98.96	0.75	
99.05	0.745	
99.15	0.77	
99.25	0.749	
99.35	0.79	
99.45	0.771	
99.55	0.741	
99.64	0.743	
99.74	0.725	
99.84	0.64	
99.94	0.737	
100.03	0.696	
100.13	0.801	
100.25	0.779	
100.35	0.75	
100.45	0.717	
100.55	0.744	
100.65	0.715	
100.74	0.79	
100.84	0.748	
100.94	0.733	
101.04	0.74	
101.13	0.701	
101.23	0.715	
101.33	0.727	
101.43	0.732	
101.54	0.716	
101.63	0.684	
101.74	0.659	
101.83	0.657	
101.93	0.746	
102.03	0.706	
102.13	0.699	
102.24	0.718	
102.34	0.699	
102.44	0.659	
102.54	0.72	
102.64	64.003	
102.74	0.648	
102.83	0.661	
102.92	0.723	
103.02	0.716	
103.11	0.69	
103.2	0.639	
103.29	0.71	
103.39	0.715	
103.48	0.709	
103.58	0.788	
103.67	0.633	
103.77	0.655	
103.86	0.638	
103.96	0.736	
104.05	0.724	
104.14	0.687	
104.25	0.646	
104.35	0.581	
104.44	0.651	
104.54	0.637	
104.63	0.722	
104.72	0.677	
104.82	0.634	
104.91	0.647	
105.01	0.607	
105.1	0.565	
105.19	0.643	
105.29	0.728	
105.39	0.695	
105.48	0.642	
105.58	0.675	
105.68	0.685	
105.77	0.661	
105.87	0.619	
105.96	0.636	
106.05	0.68	
106.15	0.641	
106.24	0.624	
106.35	0.662	
106.45	0.678	
106.54	0.645	
106.64	0.648	
106.73	0.574	
106.82	0.612	
106.92	0.621	
107.01	0.69	
107.1	0.616	
107.2	0.589	
107.29	0.643	
107.38	0.591	
107.48	0.662	
107.57	0.587	
107.67	0.66	
107.77	0.554	
107.86	0.572	
107.96	0.687	
108.06	0.631	
108.15	0.66	
108.25	0.606	
108.36	0.585	
108.46	0.588	
108.55	0.541	
108.65	0.56	
108.74	0.592	
108.84	0.658	
108.93	0.571	
109.03	0.619	
109.12	0.577	
109.22	0.642	
109.31	0.553	
109.41	0.63	
109.5	0.648	
109.6	0.572	
109.69	0.561	
109.79	0.593	
109.88	0.586	
109.98	0.654	
110.08	0.605	
110.17	0.572	
110.27	0.578	
110.38	0.567	
110.48	0.526	
110.58	0.615	
110.68	0.59	
110.77	0.59	
110.87	0.582	
110.96	0.571	
111.05	0.594	
111.15	0.519	
111.24	0.566	
111.34	0.552	
111.44	0.628	
111.54	0.524	
111.63	0.548	
111.73	0.535	
111.82	0.472	
111.92	0.626	
112.02	0.572	
112.11	0.524	
112.21	0.459	
112.31	0.523	
112.42	0.62	
112.52	0.53	
112.62	0.587	
112.71	0.478	
112.8	0.619	
112.9	0.512	
113.0	0.438	
113.09	0.462	
113.19	0.562	
113.28	0.537	
113.38	0.609	
113.47	0.489	
113.57	0.548	
113.66	0.515	
113.75	0.501	
113.85	0.507	
113.95	0.456	
114.04	0.556	
114.14	0.526	
114.23	0.474	
114.33	0.509	
114.44	0.612	
114.54	0.528	
114.63	0.565	
114.73	0.517	
114.82	0.543	
114.91	0.498	
115.01	0.513	
115.1	0.541	
115.2	0.515	
115.29	0.54	
115.4	0.479	
115.49	0.477	
115.59	0.524	
115.69	0.581	
115.78	0.47	
115.87	0.54	
115.97	0.457	
116.07	0.513	
116.16	0.51	
116.26	0.531	
116.35	0.442	
116.46	0.508	
116.56	0.485	
116.65	0.549	
116.75	0.52	
116.84	0.458	
116.94	0.51	
117.04	0.438	
117.14	0.511	
117.24	0.533	
117.33	0.384	
117.43	0.571	
117.54	0.473	
117.64	0.518	
117.74	0.501	
117.84	0.506	
117.94	0.452	
118.04	0.443	
118.14	0.423	
118.23	0.482	
118.35	0.612	
118.45	0.526	
118.56	0.524	
118.66	0.498	
118.75	0.418	
118.85	0.524	
118.95	0.544	
119.05	0.503	
119.15	0.444	
119.25	0.507	
119.35	0.461	
119.45	0.466	
119.55	0.573	
119.65	0.519	
119.75	0.59	
119.85	0.522	
119.95	0.473	
120.05	0.479	
120.15	0.424	
120.27	0.514	
120.37	0.448	
120.47	0.463	
120.56	0.475	
120.67	0.464	
120.77	0.47	
120.87	0.405	
120.97	0.487	
121.07	0.442	
121.17	0.528	
121.27	0.462	
121.37	0.388	
121.47	0.453	
121.57	0.463	
121.68	0.456	
121.78	0.475	
121.88	0.49	
121.98	0.43	
122.08	0.381	
122.2	75.001	
122.31	0.491	
122.42	0.575	
122.52	0.444	
122.63	0.438	
122.73	0.416	
122.84	0.398	
122.95	0.411	
123.05	0.438	
123.17	0.439	
123.27	0.418	
123.38	0.472	
123.48	0.439	
123.58	0.433	
123.68	0.465	
123.78	0.433	
123.89	0.435	
123.99	0.417	
124.1	0.443	
124.21	0.395	
124.32	0.421	
124.42	0.368	
124.53	0.416	
124.63	0.406	
124.74	0.474	
124.84	0.427	
124.94	0.399	
125.05	0.381	
125.15	0.371	
125.26	0.35	
125.36	0.418	
125.46	0.405	
125.57	0.378	
125.67	0.351	
125.77	0.405	
125.88	0.398	
125.98	0.385	
126.08	0.379	
126.2	0.383	
126.3	0.389	
126.41	0.383	
126.51	0.36	
126.62	0.395	
126.72	0.449	
126.83	0.388	
126.93	0.322	
127.04	0.343	
127.14	0.398	
127.25	0.355	
127.35	0.355	
127.46	0.419	
127.56	0.415	
127.67	0.346	
127.77	0.379	
127.88	0.385	
127.98	0.378	
128.08	0.324	
128.21	0.367	
128.31	0.352	
128.42	0.441	
128.52	0.459	
128.63	0.368	
128.73	0.388	
128.84	0.38	
128.94	0.289	
129.05	0.452	
129.16	0.355	
129.26	0.37	
129.37	0.373	
129.47	0.36	
129.57	0.32	
129.68	0.35	
129.78	0.374	
129.89	0.329	
129.99	0.31	
130.1	0.328	
130.22	0.353	
130.32	0.373	
130.43	0.336	
130.54	0.36	
130.64	0.36	
130.75	0.405	
130.85	0.363	
130.96	0.349	
131.06	0.376	
131.17	0.353	
131.27	0.298	
131.38	0.281	
131.48	0.338	
131.59	0.392	
131.69	0.352	
131.8	0.347	
131.91	0.347	
132.01	0.286	
132.12	0.304	
132.24	0.325	
132.34	0.362	
132.45	0.28	
132.56	0.354	
132.66	0.273	
132.76	0.326	
132.87	0.316	
132.97	0.397	
133.08	0.336	
133.19	0.342	
133.29	0.27	
133.4	0.336	
133.5	0.352	
133.61	0.344	
133.71	0.252	
133.82	0.36	
133.92	0.304	
134.03	0.323	
134.15	0.317	
134.25	0.358	
134.36	0.329	
134.47	0.298	
134.57	0.277	
134.68	0.313	
134.78	0.376	
134.89	0.356	
135.0	0.299	
135.1	0.322	
135.2	0.263	
135.3	0.236	
135.4	0.36	
135.5	0.355	
135.6	0.347	
135.7	0.269	
135.81	0.348	
135.91	0.277	
136.02	0.371	
136.12	0.297	
136.24	0.315	
136.34	0.257	
136.45	0.287	
136.56	0.331	
136.66	0.328	
136.75	0.338	
136.85	0.33	
136.95	0.281	
137.04	0.267	
137.14	0.296	
137.24	0.297	
137.33	0.27	
137.43	0.262	
137.53	0.226	
137.63	0.378	
137.74	0.385	
137.84	0.316	
137.93	0.296	
138.04	0.305	
138.14	0.304	
138.25	0.226	
138.35	0.253	
138.45	0.359	
138.54	0.318	
138.64	0.276	
138.73	0.259	
138.83	0.312	
138.93	0.387	
139.02	0.291	
139.12	0.267	
139.21	0.276	
139.31	0.237	
139.41	0.237	
139.51	0.334	
139.6	0.318	
139.7	0.331	
139.8	0.231	
139.89	0.212	
139.99	0.313	
140.09	0.226	
140.2	0.277	
140.3	0.209	
140.4	0.267	
140.5	0.237	
140.59	0.301	
140.69	0.269	
140.78	0.292	
140.88	0.323	
140.98	0.244	
141.08	0.295	
141.17	0.3	
141.28	0.279	
141.38	0.235	
141.47	0.28	
141.57	0.234	
141.67	0.268	
141.76	0.275	
141.86	0.358	
141.96	0.266	
142.05	0.204	
142.17	0.265	
142.26	0.17	
142.36	0.325	
142.45	0.265	
142.55	0.208	
142.65	0.237	
142.74	0.275	
142.84	0.307	
142.94	0.196	
143.03	0.267	
143.13	0.253	
143.23	0.281	
143.32	0.236	
143.42	0.244	
143.52	0.276	
143.61	0.299	
143.71	0.271	
143.8	0.299	
143.9	0.27	
144.0	0.213	
144.11	0.275	
144.21	0.293	
144.3	0.238	
144.42	0.281	
144.52	0.302	
144.61	0.245	
144.71	0.19	
144.8	0.235	
144.9	0.266	
145.0	0.265	
145.09	0.261	
145.19	0.181	
145.29	0.23	
145.39	0.258	
145.48	0.279	
145.58	0.243	
145.68	0.236	
145.78	0.221	
145.88	0.207	
145.97	0.257	
146.09	0.202	
146.18	0.264	
146.28	0.256	
146.38	0.225	
146.48	0.231	
146.58	0.177	
146.68	0.243	
146.78	0.27	
146.88	0.249	
146.98	0.219	
147.08	0.213	
147.18	0.213	
147.28	0.203	
147.37	0.207	
147.47	0.251	
147.57	0.205	
147.66	0.303	
147.76	0.231	
147.86	0.221	
147.95	0.212	
148.06	0.281	
148.16	0.234	
148.26	0.214	
148.35	0.203	
148.45	0.189	
148.55	0.219	
148.65	0.243	
148.74	0.215	
148.84	0.221	
148.93	0.207	
149.03	0.238	
149.13	0.149	
149.22	0.202	
149.32	0.216	
149.42	0.177	
149.51	0.167	
149.61	0.179	
149.71	0.212	
149.81	0.207	
149.9	0.18	
150.02	0.194	
150.11	0.12	
150.21	0.211	
150.31	0.228	
150.41	0.214	
150.5	0.282	
150.6	0.205	
150.69	0.235	
150.79	0.227	
150.89	0.176	
150.98	0.194	
151.08	0.204	
151.18	0.174	
151.27	0.224	
151.37	0.145	
151.47	0.242	
151.56	0.204	
151.66	0.201	
151.76	0.218	
151.85	0.168	
151.97	0.166	
152.06	0.169	
152.16	0.182	
152.26	0.175	
152.35	0.198	
152.45	0.205	
152.55	0.168	
152.65	0.184	
152.74	0.193	
152.84	0.235	
152.93	0.217	
153.03	0.183	
153.12	0.2	
153.22	0.19	
153.31	0.147	
153.41	0.185	
153.51	0.227	
153.6	0.217	
153.7	0.149	
153.8	0.166	
153.92	0.114	
154.02	0.187	
154.12	0.187	
154.21	0.185	
154.31	0.211	
154.41	0.173	
154.5	0.14	
154.6	0.198	
154.7	0.169	
154.8	0.212	
154.9	0.173	
154.99	0.164	
155.09	0.211	
155.19	0.156	
155.29	0.148	
155.39	0.179	
155.49	0.264	
155.59	0.136	
155.69	0.211	
155.78	0.294	
155.9	0.264	
156.0	0.225	
156.1	0.234	
156.2	0.276	
156.3	0.373	
156.41	0.366	
156.5	0.34	
156.6	0.342	
156.7	0.236	
156.8	0.165	
156.9	0.223	
157.0	0.179	
157.1	0.197	
157.2	0.146	
157.3	0.141	
157.4	0.172	
157.5	0.216	
157.6	0.163	
157.7	0.318	
157.82	0.115	
157.91	0.27	
158.02	0.166	
158.12	0.171	
158.22	0.194	
158.32	0.214	
158.43	0.181	
158.53	0.176	
158.63	0.121	
158.72	0.169	
158.82	0.162	
158.92	0.162	
159.02	0.149	
159.12	0.158	
159.22	0.154	
159.32	0.206	
159.42	0.065	
159.51	0.183	
159.61	0.135	
159.73	0.134	
159.83	0.142	
159.93	0.189	
160.03	0.149	
160.13	0.167	
160.23	0.16	
160.33	0.152	
160.43	71.0	
160.53	0.18	
160.62	0.146	
160.72	0.161	
160.82	0.173	
160.92	0.112	
161.02	0.097	
161.12	0.115	
161.22	0.176	
161.32	0.151	
161.42	0.125	
161.52	0.174	
161.64	0.136	
161.74	0.086	
161.84	0.163	
161.94	0.145	
162.04	0.15	
162.14	0.122	
162.23	0.105	
162.33	0.117	
162.44	0.098	
162.54	0.107	
162.64	0.123	
162.74	0.128	
162.84	0.118	
162.94	0.11	
163.04	0.108	
163.14	0.143	
163.24	0.132	
163.34	0.156	
163.44	0.114	
163.55	0.146	
163.65	0.096	
163.75	0.147	
163.85	0.135	
163.95	0.147	
164.05	0.092	
164.15	0.085	
164.25	0.116	
164.35	0.115	
164.45	0.112	
164.56	0.135	
164.66	0.165	
164.76	0.152	
164.86	0.079	
164.96	0.096	
165.06	0.092	
165.16	0.123	
165.27	0.102	
165.37	0.154	
165.49	0.12	
165.59	0.113	
165.69	0.107	
165.79	0.083	
165.89	0.141	
165.99	0.125	
166.09	0.117	
166.19	0.165	
166.29	0.104	
166.39	0.123	
166.49	0.11	
166.6	0.139	
166.7	0.114	
166.8	0.097	
166.91	0.144	
167.0	0.144	
167.1	0.164	
167.2	0.156	
167.3	0.11	
167.42	0.135	
167.52	0.145	
167.62	0.133	
167.72	0.135	
167.82	0.097	
167.92	0.144	
168.02	0.077	
168.12	0.135	
168.22	0.154	
168.32	0.123	
168.42	0.107	
168.53	0.122	
168.63	0.121	
168.73	0.121	
168.83	0.133	
168.93	0.15	
169.03	0.102	
169.12	0.109	
169.22	0.143	
169.34	0.134	
169.44	0.128	
169.54	0.143	
169.64	0.123	
169.74	0.138	
169.84	0.101	
169.94	0.098	
170.04	0.136	
170.14	0.136	
170.24	0.116	
170.34	0.087	
170.44	0.111	
170.54	0.123	
170.63	0.157	
170.73	0.124	
170.83	0.141	
170.93	0.144	
171.03	0.101	
171.13	0.11	
171.24	0.094	
171.35	0.14	
171.45	0.125	
171.56	0.094	
171.66	0.109	
171.76	0.078	
171.86	0.104	
171.96	0.102	
172.06	0.133	
172.16	0.108	
172.26	0.058	
172.36	0.094	
172.46	0.073	
172.56	0.134	
172.67	0.129	
172.77	0.108	
172.87	0.086	
172.97	0.113	
173.07	0.126	
173.18	0.14	
173.28	0.108	
173.38	0.133	
173.49	0.137	
173.59	0.08	
173.69	0.137	
173.79	0.121	
173.89	0.114	
173.99	0.126	
174.09	0.113	
174.19	0.087	
174.29	0.121	
174.4	0.112	
174.5	0.12	
174.61	0.124	
174.71	0.109	
174.81	0.101	
174.91	0.078	
175.01	0.126	
175.13	0.115	
175.23	0.145	
175.33	0.09	
175.44	0.139	
175.54	0.088	
175.64	0.194	
175.75	0.185	
175.85	0.118	
175.96	0.204	
176.06	0.1	
176.16	0.163	
176.26	0.106	
176.36	0.207	
176.47	0.092	
176.57	0.194	
176.67	0.18	
176.77	0.059	
176.88	0.114	
176.99	0.297	
177.11	0.13	
177.21	0.099	
177.31	0.206	
177.42	0.155	
177.52	0.252	
177.63	0.172	
177.73	0.105	
177.83	0.092	
177.93	0.247	
178.04	0.161	
178.14	0.198	
178.24	0.109	
178.35	0.187	
178.45	0.115	
178.56	0.115	
178.66	0.101	
178.76	0.087	
178.87	0.161	
178.97	0.121	
179.09	0.281	
179.19	0.1	
179.3	0.072	
179.4	0.107	
179.5	0.176	
179.6	0.147	
179.71	0.096	
179.81	0.179	
179.91	0.169	
180.01	0.113	
180.11	0.18	
180.22	0.275	
180.32	0.186	
180.42	0.115	
180.52	0.097	
180.63	0.16	
180.73	0.215	
180.83	0.257	
180.95	0.076	
181.05	0.097	
181.15	0.271	
181.25	0.115	
181.36	0.285	
181.46	0.302	
181.57	0.124	
181.67	0.18	
181.77	0.122	
181.87	0.13	
181.97	0.15	
182.08	0.103	
182.18	0.069	
182.28	0.099	
182.38	0.089	
182.48	0.175	
182.59	0.114	
182.69	0.11	
182.8	0.098	
182.92	0.113	
183.02	0.105	
183.12	0.115	
183.23	0.156	
183.33	0.144	
183.44	0.084	
183.54	0.054	
183.64	0.127	
183.74	0.1	
183.85	0.14	
183.95	0.122	
184.05	0.079	
184.16	0.139	
184.26	0.121	
184.36	0.122	
184.47	0.105	
184.57	0.182	
184.68	0.079	
184.78	0.13	
184.9	0.165	
185.0	0.245	
185.11	0.169	
185.21	0.12	
185.31	0.133	
185.42	0.202	
185.52	0.151	
185.63	0.145	
185.73	0.197	
185.83	0.22	
185.93	0.216	
186.04	0.213	
186.14	0.256	
186.24	0.067	
186.35	0.316	
186.45	0.336	
186.55	0.078	
186.65	0.25	
186.75	0.349	
186.87	0.355	
186.98	0.296	
187.08	0.162	
187.19	0.089	
187.29	0.346	
187.4	0.079	
187.5	0.121	
187.6	0.158	
187.7	0.162	
187.81	0.082	
187.91	0.175	
188.01	0.188	
188.12	0.158	
188.22	0.259	
188.33	0.281	
188.43	0.137	
188.53	0.354	
188.64	0.149	
188.74	0.138	
188.86	0.216	
188.97	0.172	
189.07	0.156	
189.17	0.048	
189.28	0.115	
189.39	0.117	
189.49	0.138	
189.6	0.154	
189.7	0.054	
189.8	0.174	
189.9	0.124	
190.01	0.073	
190.11	0.093	
190.21	0.168	
190.32	0.091	
190.42	0.12	
190.52	0.139	
190.63	0.152	
190.73	0.107	
190.85	0.166	
190.96	0.167	
191.06	0.158	
191.17	0.181	
191.27	0.118	
191.38	0.143	
191.48	0.142	
191.59	0.15	
191.69	0.226	
191.79	0.09	
191.9	0.141	
192.0	0.192	
192.11	0.169	
192.21	0.226	
192.31	0.178	
192.42	0.178	
192.52	0.206	
192.63	0.264	
192.73	0.084	
192.86	0.175	
192.96	0.16	
193.06	0.294	
193.17	0.148	
193.27	0.282	
193.38	0.325	
193.49	0.243	
193.59	0.233	
193.7	0.363	
193.81	0.273	
193.91	0.149	
194.02	0.124	
194.13	0.116	
194.24	0.278	
194.34	0.163	
194.45	0.065	
194.55	0.15	
194.66	0.147	
194.76	0.127	
194.88	0.213	
194.99	0.238	
195.09	0.184	
195.2	0.104	
195.31	0.229	
195.41	0.116	
195.52	0.146	
195.63	0.149	
195.73	0.103	
195.84	0.119	
195.94	0.19	
196.05	0.159	
196.16	0.069	
196.26	0.118	
196.37	0.144	
196.48	0.186	
196.58	0.148	
196.69	0.125	
196.79	0.169	
196.92	0.14	
197.02	0.148	
197.13	0.12	
197.23	0.177	
197.34	0.132	
197.45	0.178	
197.55	0.164	
197.66	0.209	
197.77	0.114	
197.87	0.124	
197.98	0.177	
198.08	0.138	
198.19	0.205	
198.3	0.071	
198.4	0.208	
198.51	0.139	
198.62	0.283	
198.72	0.214	
198.83	0.16	
198.95	0.197	
199.06	0.132	
199.16	0.081	
199.27	0.113	
199.38	0.168	
199.48	0.208	
199.59	0.168	
199.69	0.14	
199.8	0.172	
199.9	0.174	
200.01	0.139	
200.11	0.156	
200.22	0.145	
200.33	0.176	
200.43	0.092	
200.54	0.208	
200.64	0.155	
200.75	0.191	
200.85	0.215	
200.98	0.154	
201.08	0.202	
201.19	0.155	
201.29	0.142	
201.4	0.14	
201.5	0.227	
201.61	0.252	
201.71	0.221	
201.82	0.176	
201.93	0.339	
202.03	0.177	
202.14	0.244	
202.25	0.161	
202.35	0.363	
202.46	0.196	
202.56	0.323	
202.67	0.232	
202.78	0.339	
202.88	0.309	
203.0	0.395	
203.11	0.352	
203.21	0.467	
203.32	0.408	
203.42	0.232	
203.53	0.283	
203.64	0.371	
203.74	0.457	
203.85	0.464	
203.96	0.314	
204.06	0.224	
204.17	0.101	
204.27	0.506	
204.38	0.332	
204.48	0.459	
204.59	0.169	
204.69	0.395	
204.8	0.341	
204.9	0.303	
205.02	0.437	
205.13	0.443	
205.24	0.191	
205.34	0.237	
205.46	0.25	
205.56	0.416	
205.67	0.185	
205.77	0.279	
205.88	0.324	
205.99	0.266	
206.1	0.211	
206.2	0.318	
206.31	0.259	
206.41	0.168	
206.52	0.212	
206.63	0.232	
206.73	0.109	
206.84	0.106	
206.95	0.264	
207.07	0.285	
207.18	0.155	
207.28	0.252	
207.39	0.19	
207.49	0.275	
207.6	0.212	
207.71	0.203	
207.81	0.148	
207.92	0.207	
208.03	0.156	
208.13	0.127	
208.24	0.192	
208.35	0.186	
208.46	0.217	
208.56	0.186	
208.67	0.24	
208.77	0.199	
208.88	0.106	
208.99	0.271	
209.11	0.276	
209.21	0.262	
209.32	0.184	
209.44	0.179	
209.54	0.131	
209.65	0.193	
209.76	0.182	
209.86	0.232	
209.97	0.235	
210.08	0.165	
210.19	0.199	
210.29	0.177	
210.4	0.227	
210.51	0.249	
210.62	0.182	
210.72	0.133	
210.83	0.236	
210.93	0.212	
211.04	0.173	
211.16	0.254	
211.27	0.254	
211.37	0.147	
211.48	0.126	
211.59	0.202	
211.69	0.257	
211.8	0.268	
211.91	0.17	
212.01	0.225	
212.12	0.248	
212.23	0.153	
212.33	0.245	
212.44	0.22	
212.55	0.238	
212.66	0.224	
212.77	0.225	
212.88	0.278	
212.99	0.284	
213.09	0.17	
213.22	0.149	
213.33	0.192	
213.44	0.232	
213.54	0.214	
213.65	0.256	
213.76	0.216	
213.87	0.227	
213.97	0.279	
214.08	0.247	
214.19	0.174	
214.29	0.318	
214.4	0.189	
214.51	0.16	
214.62	0.146	
214.72	0.246	
214.84	0.275	
214.94	0.185	
215.05	0.184	
215.16	0.224	
215.28	0.268	
215.39	0.232	
215.5	0.237	
215.61	0.164	
215.72	0.217	
215.82	0.278	
215.93	0.173	
216.04	0.289	
216.15	0.253	
216.25	0.224	
216.36	0.11	
216.47	0.314	
216.59	0.212	
216.69	0.196	
216.8	0.175	
216.91	0.302	
217.02	0.175	
217.12	0.232	
217.23	0.243	
217.35	0.328	
217.46	0.282	
217.57	0.152	
217.67	0.129	
217.78	0.247	
217.88	0.299	
217.99	0.245	
218.09	0.18	
218.2	0.312	
218.31	0.194	
218.42	0.204	
218.52	0.314	
218.63	0.277	
218.74	0.268	
218.84	0.205	
218.95	0.187	
219.06	0.22	
219.16	0.296	
219.27	0.204	
219.39	0.281	
219.5	0.264	
219.61	0.219	
219.71	0.175	
219.82	0.306	
219.93	0.346	
220.03	0.322	
220.14	0.262	
220.25	0.247	
220.35	0.318	
220.47	0.222	
220.57	0.188	
220.68	0.149	
220.79	0.359	
220.89	0.187	
221.0	0.222	
221.11	0.319	
221.22	0.283	
221.34	0.237	
221.45	0.18	
221.56	0.248	
221.67	0.303	
221.77	0.278	
221.88	0.211	
221.98	0.227	
222.09	0.313	
222.2	0.265	
222.3	0.19	
222.41	0.224	
222.52	0.251	
222.62	0.273	
222.73	0.175	
222.84	0.212	
222.94	0.285	
223.05	0.23	
223.16	0.183	
223.26	0.25	
223.39	0.293	
223.5	0.323	
223.61	0.191	
223.71	0.263	
223.82	0.341	
223.92	0.175	
224.03	0.241	
224.14	0.411	
224.24	0.216	
224.35	0.295	
224.46	0.314	
224.56	0.238	
224.67	0.284	
224.78	0.234	
224.88	0.265	
224.99	0.25	
225.1	0.304	
225.21	0.271	
225.31	0.306	
225.44	0.293	
225.54	0.188	
225.65	0.251	
225.76	0.257	
225.86	0.294	
225.97	0.203	
226.08	0.288	
226.18	0.171	
226.29	0.314	
226.4	0.303	
226.51	0.23	
226.61	0.244	
226.72	0.241	
226.83	59.001	
226.93	0.199	
227.04	0.181	
227.15	0.297	
227.26	0.247	
227.36	0.228	
227.48	0.298	
227.59	0.26	
227.69	0.328	
227.8	0.201	
227.91	0.271	
228.02	0.254	
228.12	0.255	
228.23	0.27	
228.34	0.341	
228.45	0.257	
228.55	0.281	
228.66	0.232	
228.76	0.257	
228.87	0.256	
228.98	0.279	
229.08	0.214	
229.19	0.306	
229.3	0.157	
229.4	0.32	
229.53	0.249	
229.63	0.227	
229.74	0.201	
229.85	0.227	
229.95	0.239	
230.06	0.284	
230.17	0.284	
230.27	0.327	
230.38	0.358	
230.49	0.186	
230.6	0.235	
230.7	0.367	
230.81	0.277	
230.92	0.202	
231.02	0.271	
231.13	0.196	
231.24	0.307	
231.35	0.26	
231.46	0.23	
231.58	0.268	
231.68	0.265	
231.79	0.209	
231.9	0.265	
232.01	0.198	
232.11	0.259	
232.22	0.231	
232.33	0.287	
232.43	0.244	
232.54	0.28	
232.65	0.351	
232.75	0.287	
232.86	0.337	
232.97	0.229	
233.07	0.26	
233.18	0.215	
233.29	0.339	
233.39	0.203	
233.5	0.198	
233.62	0.257	
233.73	0.226	
233.83	0.234	
233.94	0.215	
234.05	0.278	
234.16	0.24	
234.26	0.3	
234.37	0.295	
234.48	0.338	
234.58	0.218	
234.69	0.269	
234.8	0.281	
234.9	0.358	
235.01	0.291	
235.12	0.302	
235.22	0.354	
235.33	0.262	
235.44	0.307	
235.54	0.264	
235.66	0.24	
235.77	0.33	
235.88	0.34	
235.99	0.214	
236.09	0.261	
236.2	0.297	
236.3	0.333	
236.41	0.23	
236.52	0.282	
236.63	0.298	
236.74	0.245	
236.84	0.337	
236.95	0.349	
237.05	0.328	
237.16	0.38	
237.27	0.328	
237.38	0.26	
237.48	0.375	
237.59	0.318	
237.71	0.282	
237.82	0.485	
237.93	0.264	
238.03	0.251	
238.14	0.267	
238.25	0.434	
238.35	0.519	
238.46	0.218	
238.57	0.209	
238.67	0.212	
238.78	0.483	
238.89	0.241	
238.99	0.26	
239.1	0.27	
239.21	0.368	
239.31	0.208	
239.42	0.272	
239.53	0.342	
239.64	0.35	
239.76	0.283	
239.87	0.263	
239.98	0.311	
240.08	0.394	
240.19	0.345	
240.3	0.265	
240.41	0.426	
240.51	0.438	
240.62	0.296	
240.73	0.266	
240.84	0.291	
240.94	0.378	
241.05	0.289	
241.16	0.333	
241.27	0.273	
241.38	0.392	
241.49	0.281	
241.6	0.277	
241.71	0.332	
241.83	0.284	
241.94	0.333	
242.05	0.312	
242.16	0.372	
242.27	0.289	
242.38	0.259	
242.49	0.317	
242.6	0.342	
242.71	0.301	
242.82	0.313	
242.93	0.317	
243.04	0.305	
243.14	0.314	
243.26	0.307	
243.37	0.335	
243.48	0.311	
243.59	0.322	
243.7	0.315	
243.81	0.298	
243.93	0.368	
244.04	0.36	
244.15	0.299	
244.26	0.274	
244.37	0.267	
244.48	0.306	
244.58	0.289	
244.69	0.347	
244.81	0.34	
244.92	0.283	
245.03	0.231	
245.14	0.334	
245.25	0.334	
245.36	0.234	
245.47	0.324	
245.58	0.296	
245.69	0.319	
245.8	0.37	
245.9	0.274	
246.03	0.346	
246.14	0.35	
246.25	0.227	
246.36	0.352	
246.47	0.353	
246.58	0.314	
246.69	0.415	
246.8	0.352	
246.91	0.349	
247.02	0.239	
247.13	0.294	
247.24	0.337	
247.35	0.304	
247.46	0.287	
247.57	0.346	
247.67	0.352	
247.78	0.373	
247.89	0.27	
248.02	0.369	
248.13	0.345	
248.24	0.362	
248.35	0.239	
248.46	0.266	
248.57	0.276	
248.68	0.337	
248.79	0.319	
248.9	0.362	
249.01	0.268	
249.12	0.239	
249.23	0.222	
249.34	0.336	
249.45	0.32	
249.56	0.323	
249.67	0.312	
249.78	0.23	
249.89	0.347	
250.0	0.299	
250.13	0.303	
250.24	0.312	
250.35	0.296	
250.46	0.235	
250.57	0.247	
250.68	0.306	
250.79	0.375	
250.9	0.331	
251.01	0.256	
251.11	0.293	
251.23	0.402	
251.33	0.344	
251.45	0.258	
251.55	0.339	
251.66	0.289	
251.77	0.198	
251.88	0.42	
251.99	0.343	
252.1	0.329	
252.22	0.348	
252.33	0.279	
252.44	0.3	
252.55	0.334	
252.66	0.357	
252.77	0.325	
252.88	0.335	
252.99	0.337	
253.1	0.288	
253.21	0.309	
253.32	0.327	
253.43	0.424	
253.54	0.313	
253.65	0.297	
253.76	0.307	
253.87	0.343	
253.98	0.321	
254.1	0.252	
254.22	0.305	
254.34	0.333	
254.45	0.311	
254.56	0.379	
254.67	0.307	
254.78	0.292	
254.89	0.192	
255.0	0.328	
255.11	0.426	
255.22	0.405	
255.33	0.303	
255.44	0.3	
255.55	0.388	
255.66	0.334	
255.77	0.269	
255.88	0.413	
255.98	0.348	
256.09	0.29	
256.2	0.308	
256.33	0.386	
256.44	0.387	
256.55	0.383	
256.66	0.326	
256.77	0.344	
256.88	0.417	
256.99	0.314	
257.1	0.361	
257.2	0.304	
257.31	0.323	
257.42	0.293	
257.53	0.289	
257.64	0.44	
257.75	0.38	
257.85	0.285	
257.95	0.313	
258.06	0.307	
258.16	0.358	
258.26	0.367	
258.37	0.372	
258.48	0.346	
258.58	0.244	
258.68	0.376	
258.78	0.352	
258.88	0.377	
258.98	0.426	
259.08	0.307	
259.19	0.371	
259.29	0.363	
259.39	0.363	
259.5	0.379	
259.6	0.323	
259.7	0.278	
259.81	0.269	
259.91	0.25	
260.01	0.364	
260.11	0.354	
260.21	0.274	
260.31	0.338	
260.42	0.408	
260.53	0.351	
260.63	0.246	
260.73	0.264	
260.83	0.323	
260.93	0.288	
261.04	0.323	
261.14	0.319	
261.24	0.399	
261.34	0.328	
261.44	0.3	
261.54	0.399	
261.65	0.388	
261.75	0.258	
261.85	0.299	
261.95	0.34	
262.05	0.264	
262.15	0.345	
262.26	0.38	
262.36	0.351	
262.46	0.237	
262.58	0.38	
262.68	0.342	
262.78	0.311	
262.88	0.249	
262.99	0.387	
263.09	0.279	
263.19	0.297	
263.29	0.396	
263.39	0.335	
263.5	0.345	
263.61	0.307	
263.71	0.327	
263.81	0.365	
263.91	0.397	
264.01	0.346	
264.11	0.321	
264.21	0.399	
264.31	0.366	
264.42	0.442	
264.52	0.369	
264.64	0.32	
264.74	0.406	
264.84	0.357	
264.94	0.348	
265.04	0.355	
265.15	0.382	
265.25	0.369	
265.35	0.381	
265.45	0.449	
265.55	0.409	
265.66	0.365	
265.76	0.473	
265.86	0.297	
265.96	0.294	
266.06	0.281	
266.17	0.348	
266.27	0.409	
266.37	0.387	
266.47	0.301	
266.58	0.304	
266.7	0.281	
266.8	0.327	
266.9	0.364	
267.0	0.365	
267.11	0.393	
267.21	0.327	
267.31	0.339	
267.41	0.327	
267.51	0.32	
267.61	0.353	
267.71	0.358	
267.82	0.323	
267.92	0.324	
268.02	0.347	
268.12	0.37	
268.23	0.299	
268.33	0.282	
268.44	0.38	
268.54	0.393	
268.64	0.343	
268.76	0.306	
268.86	0.336	
268.96	0.347	
269.07	0.249	
269.17	0.234	
269.27	0.367	
269.38	0.412	
269.48	0.359	
269.58	0.353	
269.68	0.251	
269.79	0.292	
269.89	0.323	
269.99	0.283	
270.09	0.327	
270.19	0.34	
270.29	0.315	
270.39	0.256	
270.5	0.336	
270.6	0.327	
270.7	0.365	
270.83	0.357	
270.93	0.298	
271.03	0.264	
271.13	0.351	
271.23	0.315	
271.33	0.345	
271.44	0.282	
271.54	0.303	
271.64	0.398	
271.74	0.358	
271.84	0.269	
271.94	0.308	
272.05	0.342	
272.15	0.295	
272.25	0.334	
272.35	0.362	
272.46	0.401	
272.56	0.314	
272.67	0.324	
272.77	0.328	
272.89	0.316	
272.99	0.368	
273.1	0.342	
273.2	0.361	
273.3	60.001	
273.4	0.256	
273.51	0.293	
273.61	0.291	
273.71	0.401	
273.81	0.399	
273.92	0.356	
274.02	0.302	
274.12	0.322	
274.22	0.396	
274.32	0.35	
274.43	0.36	
274.53	0.353	
274.63	0.336	
274.73	0.252	
274.83	0.34	
274.95	0.371	
275.05	0.407	
275.15	0.339	
275.26	0.315	
275.36	0.337	
275.46	0.385	
275.56	0.328	
275.67	0.321	
275.77	0.374	
275.88	0.309	
275.98	0.339	
276.09	0.359	
276.19	0.315	
276.29	0.315	
276.39	0.319	
276.5	0.307	
276.6	0.258	
276.7	0.337	
276.8	0.379	
276.91	0.425	
277.02	0.427	
277.13	0.379	
277.23	0.341	
277.33	0.316	
277.43	0.286	
277.53	0.394	
277.63	0.296	
277.74	0.365	
277.84	0.361	
277.94	0.373	
278.04	0.305	
278.15	0.376	
278.25	0.259	
278.36	0.384	
278.46	0.344	
278.57	0.295	
278.67	0.339	
278.77	0.26	
278.87	0.294	
278.98	0.342	
279.09	0.303	
279.2	0.395	
279.3	0.384	
279.4	0.333	
279.51	0.353	
279.61	0.338	
279.71	0.359	
279.82	0.351	
279.92	0.392	
280.02	0.384	
280.12	0.321	
280.23	0.369	
280.33	0.36	
280.44	0.341	
280.54	0.263	
280.64	0.398	
280.74	0.393	
280.85	0.422	
280.95	0.358	
281.05	0.262	
281.17	0.491	
281.27	0.246	
281.38	0.35	
281.48	0.356	
281.58	0.504	
281.68	0.377	
281.79	0.286	
281.89	0.343	
281.99	0.518	
282.09	0.291	
282.2	0.499	
282.3	0.297	
282.41	0.341	
282.51	0.373	
282.61	0.322	
282.71	0.373	
282.82	0.35	
282.92	0.269	
283.02	0.382	
283.12	0.454	
283.25	0.311	
283.35	0.376	
283.46	0.369	
283.56	0.506	
283.67	0.417	
283.77	0.334	
283.87	0.327	
283.97	0.427	
284.08	39.001	
284.19	0.373	
284.29	0.446	
284.39	0.389	
284.5	0.419	
284.6	0.334	
284.71	0.436	
284.81	0.304	
284.91	0.41	
285.01	0.416	
285.11	0.356	
285.21	0.313	
285.33	0.448	
285.44	0.329	
285.54	0.304	
285.65	0.45	
285.75	0.435	
285.85	0.351	
285.95	0.294	
286.06	0.363	
286.16	0.435	
286.26	0.438	
286.36	0.363	
286.47	0.395	
286.57	0.365	
286.68	0.411	
286.78	0.373	
286.88	0.383	
286.98	0.363	
287.08	0.365	
287.18	0.374	
287.29	0.336	
287.41	0.345	
287.52	0.41	
287.62	0.317	
287.72	0.329	
287.82	0.339	
287.92	0.382	
288.03	0.345	
288.13	0.32	
288.24	0.364	
288.35	0.369	
288.45	0.33	
288.56	0.285	
288.66	0.387	
288.77	0.418	
288.87	0.312	
288.98	0.333	
289.08	0.38	
289.19	0.379	
289.3	0.332	
289.4	0.367	
289.53	0.354	
289.63	0.374	
289.74	0.324	
289.85	0.324	
289.95	8.01	
290.05	0.41	
290.16	0.467	
290.27	0.295	
290.37	0.367	
290.48	0.448	
290.58	0.369	
290.69	0.324	
290.8	0.305	
290.9	0.446	
291.01	0.436	
291.11	0.316	
291.22	0.335	
291.32	0.334	
291.43	0.431	
291.56	0.372	
291.67	0.428	
291.77	0.273	
291.88	0.351	
291.99	0.392	
292.09	0.484	
292.2	0.368	
292.3	0.427	
292.41	0.324	
292.51	0.325	
292.62	0.387	
292.72	0.356	
292.83	0.356	
292.94	0.433	
293.04	0.406	
293.15	0.338	
293.25	0.296	
293.36	0.388	
293.47	0.273	
293.58	0.403	
293.69	0.365	
293.8	0.388	
293.9	0.427	
294.01	0.351	
294.11	0.389	
294.23	0.305	
294.33	0.431	
294.44	0.299	
294.56	0.393	
294.67	0.392	
294.77	0.31	
294.88	0.311	
294.99	0.305	
295.09	0.461	
295.2	0.358	
295.31	0.239	
295.41	0.336	
295.52	0.359	
295.64	0.389	
295.78	0.293	
295.91	0.388	
296.02	0.435	
296.13	0.385	
296.24	0.404	
296.34	0.345	
296.45	0.399	
296.56	0.325	
296.66	0.32	
296.77	0.37	
296.87	0.37	
296.98	0.385	
297.09	0.392	
297.19	0.387	
297.3	0.403	
297.41	0.362	
297.51	0.384	
297.62	0.374	
297.74	0.352	
297.85	0.341	
297.97	0.296	
298.09	0.352	
298.2	0.419	
298.31	0.439	
298.41	0.367	
298.52	0.398	
298.63	0.383	
298.73	0.413	
298.84	0.403	
298.94	0.403	
299.05	0.366	
299.16	0.354	
299.27	0.383	
299.38	0.333	
299.48	0.376	
299.59	0.332	
299.69	0.378	
299.82	0.365	
299.92	0.438	
300.03	0.349	
300.14	0.424	
300.24	0.417	
300.35	0.429	
300.45	0.347	
300.56	0.295	
300.67	0.424	
300.77	0.452	
300.88	0.334	
300.99	0.317	
301.1	0.403	
301.2	0.351	
301.31	0.373	
301.41	0.433	
301.52	0.347	
301.62	0.279	
301.73	0.4	
301.85	0.449	
301.96	0.346	
302.06	0.456	
302.17	0.29	
302.27	0.301	
302.38	0.381	
302.49	0.459	
302.59	0.365	
302.7	0.343	
302.81	0.35	
302.91	0.487	
303.02	0.441	
303.12	0.386	
303.23	0.369	
303.34	0.304	
303.44	0.443	
303.55	0.389	
303.66	0.334	
303.77	0.365	
303.89	0.366	
303.99	0.513	
304.1	0.49	
304.2	0.387	
304.31	0.39	
304.42	0.423	
304.52	0.481	
304.63	0.355	
304.74	0.313	
304.84	0.457	
304.95	0.459	
305.05	0.434	
305.16	0.329	
305.27	0.435	
305.37	0.401	
305.49	0.367	
305.59	0.296	
305.7	0.348	
305.81	0.347	
305.93	0.361	
306.04	0.375	
306.15	0.412	
306.26	0.431	
306.37	0.314	
306.47	0.321	
306.58	0.385	
306.69	0.432	
306.8	0.313	
306.91	0.36	
307.02	0.411	
307.12	0.408	
307.23	0.302	
307.34	0.423	
307.44	0.411	
307.55	0.433	
307.65	0.371	
307.76	0.341	
307.87	0.336	
307.99	0.349	
308.1	0.386	
308.2	0.406	
308.31	0.429	
308.41	0.315	
308.52	0.343	
308.63	0.375	
308.73	0.385	
308.84	0.407	
308.95	0.463	
309.06	0.33	
309.16	0.428	
309.27	0.317	
309.38	0.402	
309.48	0.449	
309.59	0.401	
309.7	0.393	
309.81	0.448	
309.92	0.472	
310.03	0.382	
310.14	0.365	
310.25	0.287	
310.36	0.398	
310.48	0.459	
310.59	0.394	
310.69	0.371	
310.8	0.405	
310.91	0.316	
311.01	0.376	
311.12	0.475	
311.23	0.467	
311.33	0.399	
311.44	0.351	
311.55	0.413	
311.66	0.343	
311.77	0.311	
311.88	0.486	
311.99	0.342	
312.11	0.313	
312.22	0.526	
312.32	0.383	
312.43	0.353	
312.54	0.413	
312.64	0.41	
312.75	0.348	
312.86	0.335	
312.97	0.392	
313.07	0.411	
313.18	0.452	
313.29	0.395	
313.39	0.428	
313.5	0.338	
313.61	0.409	
313.72	0.342	
313.83	0.28	
313.93	0.438	
314.04	0.413	
314.17	0.233	
314.27	0.431	
314.38	0.398	
314.49	0.358	
314.6	0.377	
314.7	0.435	
314.82	0.365	
314.94	0.377	
315.04	0.386	
315.15	0.362	
315.26	0.378	
315.37	0.458	
315.47	0.454	
315.66	0.373	
315.8	0.28	
315.93	0.391	
316.06	0.314	
316.17	0.397	
316.28	0.358	
316.4	0.371	
316.51	0.344	
316.61	0.415	
316.72	0.439	
316.83	0.381	
316.93	0.407	
317.04	0.376	
317.15	0.389	
317.25	0.369	
317.36	0.374	
317.47	0.389	
317.57	0.406	
317.68	0.425	
317.79	51.001	
317.89	0.375	
318.0	0.364	
318.11	0.37	
318.22	0.397	
318.32	0.318	
318.45	0.406	
318.56	0.4	
318.67	0.367	
318.78	0.335	
318.88	0.373	
318.99	0.439	
319.1	0.402	
319.2	0.403	
319.31	0.465	
319.41	0.381	
319.52	0.427	
319.63	0.337	
319.74	0.373	
319.84	0.399	
319.95	0.43	
320.06	0.335	
320.16	0.404	
320.27	0.411	
320.38	0.356	
320.5	0.318	
320.61	0.334	
320.72	0.417	
320.82	0.418	
320.93	0.395	
321.04	0.33	
321.14	0.444	
321.26	0.395	
321.36	0.323	
321.47	0.413	
321.58	0.335	
321.69	0.42	
321.79	0.454	
321.9	0.368	
322.01	0.399	
322.12	5.01	
322.22	0.342	
322.33	0.372	
322.44	0.375	
322.56	0.346	
322.67	0.386	
322.78	0.314	
322.88	0.358	
322.99	0.368	
323.1	0.426	
323.21	0.415	
323.31	0.273	
323.42	0.342	
323.54	0.477	
323.65	0.309	
323.75	0.369	
323.86	0.46	
323.97	0.455	
324.07	0.243	
324.18	0.387	
324.29	0.447	
324.4	0.281	
324.5	0.312	
324.62	0.33	
324.73	0.321	
324.84	0.377	
324.95	0.394	
325.05	0.372	
325.16	0.38	
325.27	0.37	
325.37	0.413	
325.48	0.377	
325.59	0.383	
325.69	0.412	
325.81	0.351	
325.92	0.322	
326.03	0.352	
326.13	0.439	
326.24	0.372	
326.35	0.395	
326.46	0.412	
326.57	0.441	
326.69	0.291	
326.8	0.351	
326.9	0.33	
327.01	0.354	
327.12	0.406	
327.23	0.434	
327.33	0.434	
327.44	0.402	
327.55	0.401	
327.66	0.365	
327.77	0.362	
327.88	0.4	
327.98	0.426	
328.1	0.429	
328.2	0.329	
328.31	0.293	
328.42	0.437	
328.53	0.453	
328.64	0.366	
328.76	0.42	
328.86	0.394	
328.97	0.414	
329.08	0.4	
329.18	0.305	
329.29	0.423	
329.4	0.424	
329.51	0.334	
329.62	0.424	
329.72	0.423	
329.83	0.404	
329.94	0.401	
330.05	0.409	
330.16	0.41	
330.26	0.384	
330.37	0.421	
330.48	0.436	
330.59	0.432	
330.69	0.332	
330.82	0.4	
330.92	0.357	
331.03	0.469	
331.14	0.45	
331.24	0.379	
331.36	0.397	
331.46	0.413	
331.58	0.431	
331.68	0.372	
331.8	0.43	
331.9	0.363	
332.02	0.32	
332.13	0.414	
332.24	0.407	
332.34	0.4	
332.45	0.4	
332.56	0.416	
332.67	0.494	
332.78	0.388	
332.9	0.462	
333.01	0.442	
333.11	0.481	
333.22	0.424	
333.33	0.338	
333.44	0.409	
333.55	0.41	
333.66	0.44	
333.77	0.413	
333.87	0.447	
333.98	0.431	
334.09	0.457	
334.2	0.535	
334.3	0.408	
334.41	0.373	
334.52	0.332	
334.63	0.37	
334.74	0.408	
334.84	0.446	
334.97	0.368	
335.07	0.423	
335.18	0.265	
335.29	0.403	
335.39	0.488	
335.5	0.411	
335.61	0.333	
335.72	0.42	
335.83	0.482	
335.94	0.439	
336.05	0.379	
336.16	0.453	
336.26	0.455	
336.37	0.37	
336.48	0.428	
336.59	0.442	
336.7	0.369	
336.81	0.377	
336.92	0.37	
337.04	0.406	
337.15	0.468	
337.26	0.426	
337.37	0.386	
337.48	0.411	
337.59	0.43	
337.71	0.389	
337.82	0.335	
337.94	0.357	
338.06	0.476	
338.18	0.412	
338.29	0.449	
338.4	0.391	
338.52	0.394	
338.62	0.401	
338.73	0.401	
338.84	0.475	
338.95	0.411	
339.08	0.43	
339.2	0.372	
339.31	0.387	
339.43	0.443	
339.54	0.42	
339.65	0.31	
339.76	0.497	
339.88	0.347	
339.99	0.372	
340.1	0.441	
340.21	0.458	
340.33	0.407	
340.44	0.436	
340.55	0.403	
340.66	0.4	
340.78	0.451	
340.89	0.407	
341.0	0.406	
341.11	0.436	
341.24	0.461	
341.35	0.433	
341.46	0.414	
341.57	0.441	
341.68	0.404	
341.79	0.401	
341.9	0.323	
342.01	0.405	
342.12	0.431	
342.23	0.382	
342.34	0.45	
342.45	0.466	
342.56	0.402	
342.67	0.413	
342.78	0.429	
342.89	0.438	
343.0	0.464	
343.11	0.467	
343.22	0.523	
343.34	0.456	
343.45	0.376	
343.56	0.369	
343.67	0.459	
343.78	0.421	
343.89	0.422	
344.0	0.466	
344.11	0.489	
344.22	0.442	
344.33	0.447	
344.44	0.403	
344.55	0.468	
344.66	0.445	
344.77	0.438	
344.88	0.454	
344.99	0.418	
345.1	0.476	
345.21	0.451	
345.31	0.387	
345.44	0.435	
345.55	0.456	
345.66	0.017	
345.77	0.391	
345.88	0.372	
345.99	0.38	
346.1	0.459	
346.21	0.46	
346.32	0.494	
346.43	0.452	
346.54	0.396	
346.65	0.423	
346.76	0.427	
346.87	0.405	
346.98	0.427	
347.09	0.378	
347.19	0.439	
347.3	0.468	
347.41	0.55	
347.54	0.419	
347.65	0.443	
347.76	0.539	
347.87	0.483	
347.98	0.428	
348.09	0.361	
348.2	0.496	
348.31	0.465	
348.42	0.427	
348.53	0.408	
348.64	0.439	
348.75	0.426	
348.86	0.427	
348.97	0.347	
349.08	0.4	
349.19	0.478	
349.3	0.479	
349.41	0.39	
349.52	0.421	
349.65	0.478	
349.76	0.419	
349.87	0.423	
349.98	0.466	
350.09	0.547	
350.2	0.442	
350.31	0.353	
350.41	0.416	
350.53	0.369	
350.64	0.386	
350.74	0.472	
350.85	0.531	
350.96	0.37	
351.07	0.413	
351.18	0.451	
351.29	0.436	
351.4	0.422	
351.51	0.359	
351.62	0.474	
351.75	0.472	
351.86	0.333	
351.97	0.413	
352.08	0.437	
352.19	0.404	
352.3	0.446	
352.41	0.485	
352.52	0.482	
352.63	0.415	
352.74	0.375	
352.85	0.437	
352.96	0.471	
353.07	0.493	
353.17	0.487	
353.28	0.389	
353.39	0.414	
353.5	0.403	
353.61	0.452	
353.72	0.456	
353.85	0.471	
353.96	0.424	
354.07	0.43	
354.18	0.468	
354.29	0.476	
354.4	0.399	
354.51	0.425	
354.62	0.387	
354.73	0.534	
354.84	0.393	
354.95	0.431	
355.06	0.47	
355.16	0.397	
355.27	0.386	
355.38	0.419	
355.49	0.487	
355.6	0.437	
355.71	0.452	
355.83	0.446	
355.96	0.417	
356.07	0.466	
356.18	0.476	
356.29	0.388	
356.4	0.499	
356.51	0.396	
356.61	0.427	
356.72	0.447	
356.84	0.462	
356.95	0.561	
357.06	0.371	
357.17	0.308	
357.28	0.418	
357.38	0.437	
357.49	0.427	
357.6	0.42	
357.71	0.475	
357.82	0.402	
357.93	0.469	
358.06	0.397	
358.17	0.417	
358.28	0.391	
358.39	0.461	
358.5	0.519	
358.61	0.554	
358.72	0.478	
358.83	0.336	
358.94	0.346	
359.04	0.45	
359.16	0.388	
359.26	0.436	
359.37	0.47	
359.48	0.471	
359.6	0.385	
359.71	0.422	
359.82	0.506	
359.93	0.423	
360.04	0.377	
360.16	0.339	
360.27	0.41	
360.38	0.44	
360.49	0.427	
360.6	0.459	
360.71	0.412	
360.82	0.494	
360.93	0.48	
361.04	0.434	
361.15	0.446	
361.26	0.464	
361.37	0.369	
361.48	0.401	
361.59	0.388	
361.7	0.471	
361.81	0.483	
361.92	0.366	
362.03	0.486	
362.14	0.435	
362.27	0.402	
362.38	0.417	
362.49	0.425	
362.6	0.401	
362.71	0.394	
362.82	0.449	
362.93	0.453	
363.04	0.428	
363.15	0.392	
363.26	0.418	
363.37	0.462	
363.48	0.406	
363.6	0.413	
363.71	0.424	
363.82	0.481	
363.93	0.405	
364.04	0.453	
364.15	0.45	
364.26	0.417	
364.38	0.389	
364.5	0.454	
364.61	0.47	
364.71	0.426	
364.83	0.431	
364.93	0.439	
365.04	0.411	
365.15	0.399	
365.26	0.426	
365.37	0.405	
365.48	0.43	
365.59	0.386	
365.7	0.384	
365.81	0.405	
365.93	0.405	
366.04	0.469	
366.15	0.412	
366.26	0.434	
366.37	0.421	
366.49	0.429	
366.6	0.376	
366.71	0.416	
366.82	0.428	
366.93	0.388	
367.04	0.347	
367.15	0.437	
367.26	0.49	
367.37	0.438	
367.48	0.475	
367.59	0.393	
367.7	0.359	
367.81	0.401	
367.92	0.482	
368.03	0.402	
368.14	0.456	
368.25	0.416	
368.36	0.391	
368.47	0.459	
368.6	0.389	
368.71	0.306	
368.81	0.399	
368.93	0.452	
369.03	0.427	
369.15	0.408	
369.26	0.48	
369.37	0.443	
369.48	0.419	
369.59	0.415	
369.7	0.461	
369.81	0.452	
369.92	0.352	
370.03	0.371	
370.14	0.436	
370.25	0.405	
370.36	0.435	
370.47	0.426	
370.58	0.434	
370.71	0.398	
370.82	0.376	
370.93	0.356	
371.04	0.443	
371.16	0.397	
371.27	0.35	
371.38	0.366	
371.49	0.463	
371.6	0.377	
371.71	0.516	
371.82	0.445	
371.93	0.323	
372.04	0.411	
372.15	0.442	
372.27	0.518	
372.37	0.477	
372.49	0.415	
372.6	0.426	
372.71	0.404	
372.83	0.429	
372.94	0.407	
373.05	0.433	
373.16	0.401	
373.27	0.413	
373.39	0.426	
373.5	0.442	
373.61	0.425	
373.72	0.475	
373.83	0.411	
373.94	0.442	
374.05	0.513	
374.16	0.457	
374.27	0.466	
374.38	0.352	
374.49	0.428	
374.61	0.431	
374.71	0.549	
374.83	0.493	
374.95	0.399	
375.06	0.402	
375.18	0.459	
375.29	0.437	
375.4	0.433	
375.51	0.366	
375.62	0.401	
375.73	0.443	
375.84	0.46	
375.96	0.414	
376.07	0.384	
376.18	0.398	
376.29	0.446	
376.4	0.362	
376.51	0.366	
376.62	0.411	
376.73	0.441	
376.84	0.535	
376.95	0.407	
377.08	0.458	
377.19	0.36	
377.3	0.48	
377.41	0.415	
377.52	0.096	
377.63	0.339	
377.74	0.52	
377.85	0.376	
377.96	0.386	
378.07	0.415	
378.18	0.398	
378.29	0.436	
378.4	0.466	
378.51	0.39	
378.62	0.545	
378.73	0.534	
378.84	0.396	
378.95	0.425	
379.06	0.462	
379.19	0.469	
379.3	0.378	
379.41	0.397	
379.52	0.449	
379.63	0.383	
379.74	0.412	
379.85	0.465	
379.96	0.423	
380.07	0.377	
380.18	0.456	
380.29	0.55	
380.4	0.459	
380.52	0.363	
380.63	0.42	
380.74	0.447	
380.85	0.399	
380.96	0.396	
381.07	0.465	
381.19	0.448	
381.32	0.388	
381.44	0.404	
381.55	0.415	
381.65	0.412	
381.76	0.438	
381.87	0.342	
381.98	0.412	
382.1	0.427	
382.2	0.43	
382.32	0.483	
382.43	0.407	
382.54	0.334	
382.65	0.443	
382.76	0.434	
382.87	0.437	
382.98	0.427	
383.09	0.466	
383.2	0.445	
383.31	0.455	
383.44	0.531	
383.55	0.473	
383.67	0.455	
383.78	0.467	
383.9	0.464	
384.01	0.446	
384.12	0.446	
384.23	0.423	
384.34	0.44	
384.46	0.459	
384.57	0.368	
384.68	0.465	
384.8	0.514	
384.91	0.485	
385.03	0.422	
385.14	0.466	
385.25	0.469	
385.36	0.495	
385.48	0.38	
385.61	0.465	
385.72	0.393	
385.83	0.41	
385.94	0.429	
386.06	0.394	
386.17	0.387	
386.28	0.395	
386.4	0.44	
386.51	0.431	
386.62	0.438	
386.73	0.433	
386.85	0.458	
386.96	0.45	
387.07	0.429	
387.18	0.382	
387.3	0.485	
387.41	0.482	
387.52	0.424	
387.63	0.421	
387.76	0.428	
387.87	0.389	
387.99	0.419	
388.1	0.478	
388.21	0.438	
388.32	0.416	
388.43	0.43	
388.55	0.417	
388.66	0.392	
388.77	0.085	
388.88	0.383	
389.0	0.475	
389.11	0.472	
389.22	0.368	
389.34	0.412	
389.45	0.429	
389.56	0.392	
389.67	0.389	
389.79	0.468	
389.92	0.502	
390.03	0.4	
390.14	0.372	
390.25	0.447	
390.37	0.322	
390.48	0.445	
390.59	0.413	
390.71	0.446	
390.82	0.441	
390.93	0.453	
391.04	0.528	
391.16	0.532	
391.27	0.456	
391.38	0.421	
391.49	0.422	
391.61	0.401	
391.72	0.356	
391.83	0.373	
391.94	0.487	
392.07	0.473	
392.19	0.362	
392.3	0.369	
392.41	0.444	
392.52	0.415	
392.63	75.0	
392.74	0.442	
392.86	0.399	
392.97	0.429	
393.08	0.423	
393.19	0.396	
393.31	0.385	
393.42	0.513	
393.54	0.528	
393.65	0.509	
393.76	0.402	
393.87	0.481	
393.99	0.432	
394.1	0.515	
394.23	0.53	
394.34	0.384	
394.46	0.395	
394.58	0.365	
394.69	0.468	
394.81	0.504	
394.92	0.357	
395.05	0.354	
395.16	0.453	
395.27	0.451	
395.39	0.461	
395.5	0.457	
395.62	0.443	
395.73	0.373	
395.84	0.435	
395.95	0.426	
396.07	0.41	
396.18	0.402	
396.29	0.415	
396.42	0.404	
396.53	0.459	
396.65	0.474	
396.76	0.344	
396.87	0.397	
396.99	0.422	
397.1	0.405	
397.21	0.507	
397.32	0.426	
397.43	0.405	
397.55	0.473	
397.66	0.43	
397.78	0.501	
397.89	0.371	
398.0	0.415	
398.11	0.426	
398.23	0.446	
398.34	0.438	
398.46	0.482	
398.59	0.471	
398.7	0.408	
398.81	0.481	
398.93	0.458	
399.04	0.449	
399.15	0.49	
399.26	0.398	
399.38	0.466	
399.49	0.481	
399.61	0.435	
399.72	0.418	
399.83	0.417	
399.95	0.433	
400.06	0.531	
400.17	0.466	
400.29	0.369	
400.4	0.469	
400.52	0.424	
400.63	0.475	
400.76	0.418	
400.88	0.447	
400.99	0.406	
401.11	0.459	
401.23	0.475	
401.34	0.501	
401.45	0.49	
401.57	0.46	
401.68	0.375	
401.79	0.41	
401.91	0.412	
402.03	0.434	
402.14	459.0	
402.25	0.44	
402.35	0.451	
402.46	0.474	
402.56	0.577	
402.67	0.453	
402.77	0.474	
402.88	0.37	
403.0	0.436	
403.11	0.465	
403.22	0.482	
403.32	0.408	
403.42	0.449	
403.53	0.464	
403.63	0.469	
403.74	0.408	
403.84	0.471	
403.95	0.503	
404.05	0.423	
404.16	0.454	
404.27	0.4	
404.37	0.475	
404.48	0.547	
404.58	0.477	
404.69	0.492	
404.79	0.504	
404.9	0.477	
405.01	0.449	
405.13	0.463	
405.23	0.458	
405.33	0.464	
405.44	0.502	
405.55	0.504	
405.65	0.479	
405.76	0.402	
405.86	0.449	
405.97	0.468	
406.07	0.435	
406.18	0.424	
406.28	0.508	
406.38	0.484	
406.49	0.402	
406.59	0.443	
406.7	0.461	
406.8	0.466	
406.9	0.401	
407.01	0.424	
407.11	0.431	
407.24	468.0	
407.34	0.408	
407.45	0.463	
407.55	0.473	
407.66	0.461	
407.77	0.422	
407.87	0.436	
407.98	0.499	
408.08	0.464	
408.19	0.429	
408.29	0.481	
408.4	0.53	
408.5	0.476	
408.61	0.465	
408.71	0.408	
408.82	0.454	
408.92	0.451	
409.03	0.495	
409.13	0.431	
409.24	0.45	
409.36	0.382	
409.46	0.451	
409.57	0.507	
409.68	0.414	
409.78	0.487	
409.89	0.432	
409.99	0.465	
410.1	0.453	
410.21	0.428	
410.31	0.395	
410.42	0.484	
410.53	0.442	
410.63	0.45	
410.74	0.365	
410.84	0.463	
410.95	0.482	
411.05	0.44	
411.15	0.433	
411.26	0.428	
411.37	0.49	
411.49	0.437	
411.6	0.453	
411.7	0.4	
411.81	0.4	
411.92	0.422	
412.02	0.414	
412.13	0.439	
412.23	0.434	
412.34	0.467	
412.44	0.453	
412.55	0.431	
412.65	0.446	
412.76	0.423	
412.87	0.45	
412.97	0.483	
413.08	0.455	
413.18	0.423	
413.29	0.416	
413.4	0.434	
413.5	0.495	
413.63	0.394	
413.73	0.386	
413.83	0.421	
413.94	0.485	
414.04	0.436	
414.14	0.425	
414.25	0.404	
414.35	0.391	
414.46	0.42	
414.56	0.465	
414.67	0.518	
414.77	0.412	
414.88	0.458	
414.99	0.453	
415.09	0.437	
415.2	0.411	
415.3	0.432	
415.41	0.399	
415.51	0.385	
415.62	0.475	
415.72	0.498	
415.84	0.435	
415.95	0.424	
416.05	0.366	
416.16	0.46	
416.26	0.478	
416.37	0.519	
416.47	0.53	
416.58	0.457	
416.68	0.423	
416.79	0.419	
416.89	0.475	
417.0	0.449	
417.1	0.423	
417.21	0.423	
417.31	0.436	
417.42	0.461	
417.52	0.441	
417.63	0.385	
417.74	0.444	
417.84	0.463	
417.96	0.4	
418.07	0.459	
418.17	0.412	
418.27	0.522	
418.38	0.474	
418.49	0.461	
418.59	0.422	
418.7	0.425	
418.8	0.455	
418.91	0.48	
419.02	0.497	
419.12	0.462	
419.23	0.419	
419.33	0.508	
419.44	0.46	
419.55	0.506	
419.65	0.401	
419.76	0.44	
419.86	0.511	
419.97	0.494	
420.09	0.445	
420.2	0.536	
420.3	0.495	
420.41	0.459	
420.52	0.436	
420.62	0.547	
420.72	0.591	
420.83	0.423	
420.93	0.458	
421.04	0.437	
421.15	0.496	
421.25	0.493	
421.36	0.472	
421.46	0.419	
421.57	0.516	
421.67	0.498	
421.78	0.415	
421.88	0.471	
421.99	0.484	
422.1	0.481	
422.22	0.532	
422.32	0.474	
422.43	0.535	
422.54	0.506	
422.64	0.414	
422.75	0.402	
422.85	0.523	
422.95	0.485	
423.06	0.491	
423.16	0.468	
423.27	0.517	
423.38	0.545	
423.49	0.44	
423.6	0.463	
423.71	0.519	
423.82	0.481	
423.92	0.435	
424.03	0.406	
424.14	0.462	
424.25	0.495	
424.37	0.444	
424.48	0.552	
424.58	0.483	
424.69	0.438	
424.8	0.399	
424.9	0.529	
425.01	0.513	
425.12	0.511	
425.23	0.492	
425.33	0.437	
425.44	0.434	
425.54	0.458	
425.65	0.491	
425.76	0.488	
425.86	0.534	
425.97	0.463	
426.08	0.503	
426.19	0.511	
426.29	0.444	
426.4	0.504	
426.53	0.48	
426.63	0.518	
426.74	0.475	
426.84	0.483	
426.95	0.485	
427.05	0.485	
427.16	0.502	
427.27	0.461	
427.38	0.512	
427.48	0.556	
427.59	0.517	
427.7	0.543	
427.81	0.42	
427.91	0.43	
428.02	0.491	
428.12	0.502	
428.23	0.474	
428.34	0.504	
428.44	0.532	
428.55	0.563	
428.66	0.415	
428.78	0.475	
428.89	0.502	
429.0	0.631	
429.1	0.593	
429.21	0.44	
429.32	0.437	
429.43	0.55	
429.54	0.482	
429.64	0.429	
429.75	0.454	
429.85	0.355	
429.96	0.456	
430.07	0.549	
430.17	0.363	
430.28	0.476	
430.39	0.487	
430.49	0.484	
430.6	0.408	
430.71	0.472	
430.81	0.499	
430.93	0.528	
431.04	0.426	
431.14	0.393	
431.25	0.466	
431.36	0.492	
431.47	0.457	
431.58	0.447	
431.69	0.496	
431.8	0.509	
431.9	0.427	
432.01	0.462	
432.12	0.461	
432.23	0.487	
432.34	2.0	
432.45	0.449	
432.55	0.445	
432.66	0.467	
432.77	0.456	
432.88	0.481	
433.0	0.493	
433.11	0.544	
433.22	0.484	
433.33	0.486	
433.43	0.486	
433.54	0.435	
433.65	0.517	
433.77	0.524	
433.87	0.536	
433.98	0.425	
434.09	0.514	
434.19	0.433	
434.3	0.417	
434.41	0.435	
434.52	0.492	
434.63	0.508	
434.73	0.494	
434.84	0.497	
434.95	0.51	
435.07	0.451	
435.18	0.502	
435.29	0.459	
435.4	0.559	
435.51	0.47	
435.61	0.466	
435.72	0.454	
435.83	0.508	
435.93	0.526	
436.04	0.481	
436.15	0.478	
436.26	0.44	
436.37	0.448	
436.48	0.439	
436.59	0.386	
436.69	0.454	
436.8	0.502	
436.91	0.4	
437.02	0.456	
437.13	0.567	
437.25	0.481	
437.36	0.435	
437.47	0.504	
437.58	0.45	
437.69	0.422	
437.79	0.484	
437.9	0.454	
438.01	0.491	
438.12	0.494	
438.22	0.484	
438.33	0.473	
438.44	0.51	
438.55	0.445	
438.65	0.479	
438.76	0.554	
438.87	0.477	
438.98	0.514	
439.08	0.469	
439.19	0.448	
439.32	0.518	
439.42	0.474	
439.53	0.481	
439.64	0.459	
439.75	0.439	
439.85	0.523	
439.96	0.42	
440.07	0.447	
440.18	0.496	
440.28	0.474	
440.39	0.495	
440.5	0.407	
440.61	0.432	
440.72	0.563	
440.83	0.477	
440.93	0.503	
441.04	0.494	
441.15	0.462	
441.26	0.603	
441.38	0.579	
441.49	0.43	
441.6	0.445	
441.71	0.463	
441.82	0.516	
441.93	0.467	
442.04	0.502	
442.14	0.499	
442.25	0.451	
442.36	0.477	
442.47	0.536	
442.57	0.595	
442.68	0.528	
442.79	0.487	
442.9	0.493	
443.01	0.489	
443.12	0.52	
443.22	0.488	
443.33	0.459	
443.45	0.484	
443.56	0.496	
443.67	0.464	
443.78	0.506	
443.89	0.513	
443.99	0.501	
444.1	0.492	
444.21	0.495	
444.32	0.526	
444.43	0.509	
444.53	0.458	
444.64	0.39	
444.75	0.475	
444.86	0.532	
444.97	0.491	
445.07	0.542	
445.18	0.519	
445.29	0.488	
445.4	0.497	
445.5	0.431	
445.63	0.528	
445.74	0.515	
445.85	0.456	
445.95	0.492	
446.06	0.469	
446.17	0.414	
446.28	0.518	
446.4	0.559	
446.51	0.432	
446.62	0.446	
446.72	0.463	
446.83	0.493	
446.94	0.466	
447.05	0.439	
447.16	0.503	
447.27	0.452	
447.38	0.445	
447.48	0.511	
447.59	0.488	
447.72	0.525	
447.82	0.471	
447.93	0.38	
448.04	0.436	
448.14	0.559	
448.25	0.494	
448.36	0.419	
448.47	0.465	
448.58	0.523	
448.68	0.547	
448.79	0.523	
448.9	0.486	
449.01	0.474	
449.12	0.466	
449.23	0.477	
449.34	0.516	
449.44	0.541	
449.55	0.479	
449.66	0.491	
449.78	0.451	
449.89	0.484	
449.99	0.489	
450.1	0.566	
450.21	0.495	
450.32	0.501	
450.42	0.48	
450.53	0.48	
450.64	0.528	
450.75	0.485	
450.85	0.422	
450.96	0.461	
451.07	0.531	
451.18	0.486	
451.28	0.379	
451.39	0.477	
451.5	0.383	
451.61	0.504	
451.71	0.462	
451.84	0.458	
451.95	0.532	
452.06	0.445	
452.16	0.507	
452.28	0.501	
452.38	0.518	
452.49	0.449	
452.6	0.395	
452.71	0.413	
452.82	0.435	
452.93	0.482	
453.03	0.455	
453.15	0.496	
453.26	0.479	
453.37	0.48	
453.48	0.492	
453.59	0.471	
453.69	0.441	
453.8	0.455	
453.91	0.396	
454.04	0.515	
454.15	0.447	
454.26	0.477	
454.38	0.468	
454.49	0.441	
454.6	0.391	
454.7	0.469	
454.81	0.414	
454.92	0.538	
455.03	0.502	
455.14	0.448	
455.25	0.475	
455.36	0.422	
455.46	0.457	
455.57	0.487	
455.68	0.506	
455.79	0.537	
455.9	0.495	
456.01	0.476	
456.13	0.448	
456.24	0.468	
456.34	0.536	
456.45	0.521	
456.56	0.463	
456.67	0.533	
456.78	0.495	
456.89	0.417	
457.0	0.431	
457.1	0.431	
457.21	0.491	
457.32	0.516	
457.43	0.519	
457.54	0.46	
457.65	0.429	
457.76	0.473	
457.87	0.501	
457.97	0.488	
458.08	0.492	
458.21	0.41	
458.32	0.493	
458.43	0.512	
458.54	0.472	
458.64	0.402	
458.75	0.502	
458.86	0.53	
458.97	0.512	
459.08	0.494	
459.19	0.47	
459.3	0.536	
459.41	0.501	
459.52	0.454	
459.62	0.4	
459.73	0.452	
459.84	0.532	
459.95	0.5	
460.06	0.442	
460.16	0.461	
460.29	0.488	
460.4	0.493	
460.51	0.506	
460.62	0.414	
460.72	0.533	
460.83	0.432	
460.94	0.547	
461.05	0.454	
461.16	0.496	
461.27	0.373	
461.37	0.536	
461.48	0.491	
461.59	0.486	
461.7	0.507	
461.81	0.518	
461.92	0.514	
462.03	0.466	
462.14	0.487	
462.25	0.51	
462.36	0.484	
462.47	0.433	
462.57	0.416	
462.67	0.483	
462.77	0.466	
462.87	0.497	
462.96	0.417	
463.06	0.482	
463.16	0.495	
463.26	0.45	
463.36	0.493	
463.45	0.554	
463.55	0.439	
463.65	0.479	
463.75	0.49	
463.84	0.477	
463.94	0.448	
464.04	0.484	
464.14	0.442	
464.23	0.476	
464.33	0.461	
464.43	0.464	
464.53	0.48	
464.65	0.512	
464.74	0.457	
464.84	0.482	
464.94	0.483	
465.03	0.452	
465.13	0.514	
465.23	0.478	
465.33	0.491	
465.43	0.488	
465.53	0.506	
465.63	0.542	
465.72	0.463	
465.82	0.405	
465.92	0.432	
466.02	0.616	
466.12	0.478	
466.22	0.491	
466.31	0.48	
466.41	0.538	
466.51	0.63	
466.61	0.56	
466.7	0.381	
466.82	0.525	
466.91	0.415	
467.01	0.562	
467.11	0.514	
467.2	0.622	
467.3	0.443	
467.4	0.476	
467.5	0.53	
467.6	0.605	
467.69	0.487	
467.79	0.604	
467.89	0.597	
467.99	0.574	
468.08	0.46	
468.18	0.635	
468.28	0.423	
468.38	0.412	
468.48	0.638	
468.58	0.504	
468.67	0.398	
468.77	0.585	
468.87	0.489	
468.98	0.382	
469.08	0.57	
469.17	0.409	
469.27	0.489	
469.37	0.488	
469.46	0.443	
469.57	0.509	
469.67	0.496	
469.77	0.488	
469.87	0.522	
469.96	0.43	
470.06	0.401	
470.16	0.459	
470.26	0.467	
470.35	0.474	
470.45	0.526	
470.55	0.496	
470.65	0.515	
470.75	0.54	
470.84	0.468	
470.94	0.481	
471.04	0.518	
471.15	0.481	
471.25	0.508	
471.35	0.541	
471.44	0.49	
471.56	0.497	
471.66	0.425	
471.76	0.396	
471.86	0.522	
471.96	0.448	
472.05	0.503	
472.16	0.509	
472.25	0.514	
472.35	0.52	
472.45	0.476	
472.55	0.483	
472.65	0.529	
472.75	0.594	
472.85	0.568	
472.94	0.421	
473.04	0.509	
473.15	0.561	
473.24	0.426	
473.36	0.494	
473.45	0.402	
473.55	0.527	
473.65	0.472	
473.75	0.412	
473.85	0.454	
473.95	0.564	
474.04	0.558	
474.14	0.579	
474.24	0.53	
474.34	0.424	
474.43	0.528	
474.54	0.477	
474.63	0.537	
474.73	0.589	
474.83	0.508	
474.92	0.532	
475.02	0.518	
475.12	0.437	
475.22	0.46	
475.32	0.46	
475.41	0.472	
475.53	0.444	
475.63	0.453	
475.73	0.5	
475.82	0.542	
475.92	0.507	
476.02	0.598	
476.12	0.55	
476.22	0.556	
476.32	0.432	
476.42	0.461	
476.52	0.589	
476.62	0.537	
476.72	0.481	
476.82	0.493	
476.92	0.517	
477.01	0.55	
477.11	0.5	
477.21	0.545	
477.31	0.511	
477.41	0.482	
477.5	0.521	
477.6	0.496	
477.72	0.567	
477.81	0.541	
477.92	0.501	
478.02	0.413	
478.12	0.474	
478.22	0.573	
478.33	0.677	
478.42	0.508	
478.52	0.592	
478.63	0.491	
478.73	0.455	
478.83	0.487	
478.93	0.452	
479.03	0.589	
479.13	0.522	
479.24	0.621	
479.34	0.439	
479.43	0.456	
479.54	0.517	
479.64	0.679	
479.74	0.534	
479.84	0.532	
479.96	0.459	
480.06	0.566	
480.16	0.328	
480.25	0.506	
480.35	0.607	
480.46	0.457	
480.56	0.453	
480.66	0.366	
480.75	0.497	
480.86	0.665	
480.96	0.515	
481.06	0.501	
481.16	0.535	
481.26	0.57	
481.36	0.516	
481.46	0.369	
481.56	0.676	
481.66	0.465	
481.76	0.432	
481.86	0.611	
481.96	0.547	
482.07	0.508	
482.19	0.534	
482.29	0.679	
482.39	0.45	
482.49	0.44	
482.59	0.463	
482.69	0.504	
482.79	0.631	
482.89	0.485	
482.99	0.461	
483.09	0.492	
483.19	0.485	
483.29	0.316	
483.39	0.675	
483.49	0.621	
483.59	0.489	
483.69	0.603	
483.79	0.489	
483.89	0.607	
483.99	0.585	
484.09	0.552	
484.19	0.509	
484.29	0.585	
484.41	0.508	
484.52	0.593	
484.62	0.456	
484.71	0.467	
484.81	0.51	
484.91	0.672	
485.01	0.465	
485.11	0.518	
485.21	0.478	
485.31	0.534	
485.41	0.521	
485.51	0.493	
485.62	0.492	
485.72	0.476	
485.82	0.565	
485.92	0.552	
486.02	0.689	
486.12	0.4	
486.22	0.469	
486.32	0.527	
486.42	0.592	
486.52	0.542	
486.64	0.441	
486.74	0.504	
486.84	0.642	
486.94	0.392	
487.04	0.428	
487.14	0.505	
487.24	0.567	
487.34	0.488	
487.44	0.326	
487.54	0.458	
487.64	0.641	
487.75	0.618	
487.85	0.49	
487.95	0.492	
488.05	0.405	
488.15	0.539	
488.25	0.601	
488.35	0.563	
488.45	0.536	
488.55	0.642	
488.65	0.412	
488.75	0.455	
488.87	0.649	
488.97	0.533	
489.07	0.353	
489.18	0.423	
489.27	0.567	
489.38	0.389	
489.48	0.392	
489.58	0.496	
489.68	0.511	
489.78	0.407	
489.88	0.358	
489.98	0.544	
490.08	0.461	
490.19	0.533	
490.29	0.448	
490.39	0.553	
490.49	0.701	
490.59	0.501	
490.69	0.504	
490.79	0.6	
490.89	0.586	
490.98	0.531	
491.1	0.407	
491.2	0.709	
491.3	0.45	
491.4	0.485	
491.5	0.577	
491.6	0.522	
491.71	0.59	
491.81	0.46	
491.91	0.333	
492.01	0.666	
492.11	0.442	
492.21	0.386	
492.31	0.467	
492.41	0.468	
492.52	0.458	
492.62	0.543	
492.72	0.394	
492.82	0.503	
492.92	0.431	
493.02	0.493	
493.12	0.535	
493.22	0.378	
493.34	0.693	
493.44	0.394	
493.54	0.687	
493.64	0.533	
493.74	0.706	
493.84	0.457	
493.94	0.344	
494.04	0.536	
494.14	0.728	
494.24	0.21	
494.34	0.801	
494.44	0.581	
494.55	0.347	
494.65	0.704	
494.75	0.415	
494.85	0.454	
494.95	0.741	
495.05	0.504	
495.15	0.369	
495.25	0.754	
495.35	0.811	
495.45	0.368	
495.57	0.505	
495.67	0.421	
495.77	0.597	
495.87	0.381	
495.98	0.668	
496.08	0.393	
496.18	0.372	
496.28	0.571	
496.38	0.491	
496.48	0.479	
496.58	0.872	
496.68	0.578	
496.79	0.527	
496.89	0.325	
496.99	0.444	
497.09	0.509	
497.19	0.809	
497.29	0.415	
497.39	0.58	
497.49	0.385	
497.59	0.571	
497.69	0.542	
497.81	0.654	
497.91	0.393	
498.01	0.695	
498.12	0.261	
498.22	0.475	
498.32	0.613	
498.42	0.516	
498.52	0.48	
498.62	0.809	
498.72	0.557	
498.82	0.591	
498.92	0.443	
499.02	0.575	
499.12	0.526	
499.23	0.682	
499.33	0.507	
499.43	0.466	
499.53	0.457	
499.64	0.494	
499.74	0.417	
499.84	0.545	
499.94	0.369	
500.05	0.527	
500.16	0.442	
500.25	0.507	
500.35	0.435	
500.46	0.707	
500.56	0.561	
500.66	0.528	
500.76	0.398	
500.86	0.446	
500.96	0.607	
501.06	0.654	
501.16	0.49	
501.26	0.424	
501.37	0.516	
501.47	0.437	
501.57	0.613	
501.67	0.522	
501.77	0.394	
501.88	0.573	
501.98	0.287	
502.07	0.396	
502.18	0.559	
502.29	0.647	
502.4	0.507	
502.5	0.532	
502.6	0.352	
502.7	0.556	
502.81	0.478	
502.91	0.482	
503.01	0.465	
503.12	0.494	
503.22	0.49	
503.32	0.57	
503.42	0.516	
503.52	0.449	
503.63	0.603	
503.73	0.443	
503.83	0.389	
503.93	0.657	
504.03	0.573	
504.14	0.483	
504.24	0.321	
504.34	0.459	
504.44	0.478	
504.56	0.494	
504.66	0.498	
504.76	0.508	
504.86	0.462	
504.96	0.446	
505.06	0.48	
505.16	0.437	
505.27	0.599	
505.37	0.565	
505.48	0.538	
505.58	0.533	
505.68	0.453	
505.78	0.508	
505.89	0.566	
505.99	0.44	
506.09	0.424	
506.2	0.699	
506.3	0.309	
506.4	0.39	
506.5	0.848	
506.6	0.425	
506.7	0.357	
506.82	0.416	
506.92	0.747	
507.02	0.707	
507.13	0.443	
507.23	0.409	
507.33	0.486	
507.44	0.505	
507.54	0.674	
507.64	0.42	
507.74	0.586	
507.84	0.575	
507.94	0.486	
508.04	0.486	
508.14	0.464	
508.24	0.604	
508.34	0.535	
508.44	0.479	
508.55	0.389	
508.65	0.392	
508.75	0.621	
508.85	0.428	
508.96	0.561	
509.07	0.514	
509.17	0.468	
509.27	0.539	
509.37	0.43	
509.47	0.528	
509.57	0.468	
509.68	0.487	
509.78	0.459	
509.88	0.498	
509.98	0.504	
510.08	0.528	
510.19	0.461	
510.29	0.543	
510.39	74.001	
510.49	0.559	
510.59	0.529	
510.69	0.466	
510.79	0.594	
510.89	0.485	
510.99	0.439	
511.09	0.489	
511.2	0.464	
511.31	0.446	
511.41	0.538	
511.51	0.494	
511.62	0.578	
511.72	0.597	
511.82	0.58	
511.92	0.446	
512.02	0.622	
512.12	0.467	
512.22	0.51	
512.32	0.655	
512.42	0.478	
512.52	0.502	
512.62	0.584	
512.72	0.591	
512.82	0.403	
512.93	0.487	
513.03	0.458	
513.13	0.486	
513.23	0.504	
513.33	0.556	
513.43	0.587	
513.55	0.482	
513.65	0.572	
513.76	0.475	
513.86	0.468	
513.96	0.478	
514.06	0.549	
514.16	0.4	
514.26	0.463	
514.37	0.503	
514.47	0.588	
514.57	80.002	
514.67	0.604	
514.77	0.494	
514.87	0.42	
514.97	0.516	
515.07	0.554	
515.17	0.476	
515.27	0.461	
515.38	0.514	
515.48	0.535	
515.58	0.587	
515.68	0.449	
515.8	0.474	
515.9	0.533	
516.0	0.413	
516.1	0.544	
516.2	0.545	
516.3	0.556	
516.41	0.489	
516.51	0.499	
516.61	0.529	
516.71	0.517	
516.81	0.469	
516.91	0.562	
517.01	0.41	
517.11	0.511	
517.22	0.451	
517.32	0.481	
517.42	0.498	
517.52	0.472	
517.63	0.597	
517.73	0.522	
517.83	0.358	
517.93	0.478	
518.04	0.434	
518.14	0.565	
518.24	0.586	
518.34	0.501	
518.45	0.56	
518.55	0.661	
518.65	0.576	
518.75	0.541	
518.85	0.4	
518.95	0.381	
519.05	0.62	
519.15	0.56	
519.26	0.605	
519.36	0.53	
519.46	0.402	
519.56	0.574	
519.66	0.586	
519.77	0.465	
519.87	0.511	
519.97	0.506	
520.07	0.465	
520.17	0.514	
520.29	0.488	
520.39	0.577	
520.5	0.517	
520.6	0.505	
520.7	0.506	
520.81	0.454	
520.91	0.498	
521.02	0.565	
521.12	0.513	
521.22	0.524	
521.33	0.429	
521.43	0.585	
521.53	0.382	
521.64	0.395	
521.74	0.569	
521.84	0.599	
521.94	0.633	
522.04	0.384	
522.15	0.462	
522.25	0.567	
522.35	0.422	
522.45	0.551	
522.57	0.596	
522.68	0.526	
522.78	0.459	
522.88	0.429	
522.98	0.501	
523.08	0.473	
523.18	0.52	
523.28	0.5	
523.39	0.511	
523.49	0.534	
523.6	0.506	
523.7	0.508	
523.8	0.427	
523.9	0.471	
524.0	0.58	
524.1	0.532	
524.2	0.49	
524.3	0.483	
524.41	0.53	
524.51	0.532	
524.61	0.511	
524.71	0.53	
524.83	0.472	
524.93	0.475	
525.04	0.435	
525.14	0.509	
525.24	0.563	
525.34	0.544	
525.44	0.503	
525.55	0.457	
525.66	0.529	
525.76	0.445	
525.86	0.447	
525.97	0.463	
526.07	0.528	
526.17	0.607	
526.28	0.468	
526.38	0.456	
526.48	0.432	
526.58	0.512	
526.69	0.498	
526.79	0.416	
526.89	0.524	
526.99	0.45	
527.11	0.498	
527.22	0.55	
527.32	0.464	
527.42	0.478	
527.52	0.519	
527.62	0.522	
527.72	0.491	
527.83	0.428	
527.93	0.412	
528.03	0.425	
528.13	0.492	
528.23	0.557	
528.34	0.431	
528.44	0.461	
528.54	0.385	
528.64	0.401	
528.74	0.571	
528.85	0.479	
528.95	0.394	
529.05	0.594	
529.15	0.527	
529.26	0.509	
529.37	0.4	
529.48	0.571	
529.58	0.432	
529.68	0.576	
529.78	0.564	
529.88	0.343	
529.99	0.529	
530.09	0.587	
530.2	0.403	
530.3	0.427	
530.4	0.594	
530.51	0.494	
530.61	0.437	
530.71	0.405	
530.81	0.574	
530.91	0.568	
531.02	0.35	
531.12	0.487	
531.22	0.501	
531.32	0.514	
531.42	0.384	
531.52	0.379	
531.64	0.461	
531.75	0.356	
531.85	0.437	
531.95	0.532	
532.06	0.504	
532.16	0.583	
532.26	0.468	
532.36	0.345	
532.46	0.454	
532.57	0.679	
532.67	0.478	
532.78	0.485	
532.88	0.496	
532.99	0.432	
533.09	0.361	
533.19	0.524	
533.29	0.569	
533.39	0.471	
533.49	0.552	
533.59	0.357	
533.7	0.425	
533.8	0.53	
533.92	0.423	
534.02	0.454	
534.12	0.553	
534.22	0.458	
534.33	0.427	
534.43	0.451	
534.54	0.457	
534.64	0.545	
534.74	0.541	
534.84	0.529	
534.95	0.343	
535.05	0.479	
535.15	0.438	
535.25	0.492	
535.35	0.502	
535.45	0.442	
535.56	0.575	
535.66	0.494	
535.76	0.414	
535.86	0.456	
535.97	0.503	
536.07	0.458	
536.18	0.454	
536.29	0.687	
536.39	0.65	
536.49	0.366	
536.6	0.401	
536.7	0.398	
536.81	0.369	
536.91	0.679	
537.01	0.449	
537.11	0.471	
537.21	0.447	
537.32	0.547	
537.42	0.552	
537.52	0.717	
537.62	0.399	
537.72	0.433	
537.82	0.549	
537.92	0.649	
538.03	0.878	
538.13	0.431	
538.23	0.338	
538.34	0.418	
538.45	0.629	
538.56	0.497	
538.66	0.617	
538.77	0.54	
538.87	0.465	
538.97	0.581	
539.08	0.421	
539.18	0.526	
539.28	0.558	
539.38	0.398	
539.49	0.448	
539.59	0.705	
539.69	0.814	
539.79	0.583	
539.89	0.445	
539.99	0.281	
540.09	1.012	
540.19	0.267	
540.3	0.273	
540.4	0.397	
540.5	0.829	
540.6	0.43	
540.73	0.847	
540.83	0.344	
540.93	0.525	
541.03	0.696	
541.13	0.373	
541.23	0.479	
541.34	0.468	
541.44	0.772	
541.55	0.431	
541.65	0.36	
541.76	0.421	
541.87	0.608	
541.97	0.492	
542.08	0.347	
542.18	0.588	
542.28	0.391	
542.38	0.662	
542.49	0.441	
542.59	0.503	
542.69	0.427	
542.8	0.425	
542.9	0.754	
543.02	0.401	
543.13	0.341	
543.23	0.77	
543.33	0.463	
543.43	0.453	
543.54	0.361	
543.64	0.604	
543.75	0.485	
543.85	0.564	
543.95	0.507	
544.06	0.412	
544.16	0.519	
544.26	0.501	
544.36	0.377	
544.47	0.559	
544.57	0.498	
544.68	0.567	
544.79	0.487	
544.89	0.514	
545.0	0.399	
545.1	0.446	
545.2	0.518	
545.33	0.568	
545.43	0.492	
545.54	0.585	
545.64	0.507	
545.75	0.387	
545.86	0.459	
545.96	0.615	
546.06	0.397	
546.17	0.527	
546.27	0.552	
546.37	0.53	
546.47	0.42	
546.58	0.478	
546.68	0.539	
546.79	0.444	
546.89	0.568	
547.0	0.349	
547.1	0.388	
547.21	0.591	
547.31	0.431	
547.41	0.455	
547.52	0.502	
547.64	0.489	
547.75	0.375	
547.85	0.434	
547.95	0.5	
548.06	0.523	
548.16	0.609	
548.26	0.585	
548.37	0.416	
548.48	0.377	
548.58	0.522	
548.68	0.581	
548.78	0.599	
548.89	0.39	
548.99	0.403	
549.09	0.617	
549.2	0.717	
549.3	0.543	
549.4	0.206	
549.51	0.618	
549.61	0.358	
549.72	0.595	
549.82	0.615	
549.94	0.616	
550.04	60.002	
550.15	0.593	
550.25	0.546	
550.36	0.421	
550.47	0.603	
550.57	0.706	
550.67	0.439	
550.77	0.315	
550.88	0.326	
550.98	0.705	
551.08	0.465	
551.18	0.317	
551.29	0.58	
551.39	0.705	
551.49	0.707	
551.59	0.337	
551.7	0.608	
551.8	0.544	
551.91	0.582	
552.01	0.461	
552.11	0.487	
552.24	0.618	
552.34	0.373	
552.44	0.393	
552.55	0.541	
552.65	0.523	
552.75	0.475	
552.86	0.474	
552.96	0.489	
553.06	0.625	
553.16	0.416	
553.27	0.454	
553.37	0.457	
553.47	0.464	
553.58	0.515	
553.68	0.453	
553.79	0.56	
553.89	0.412	
554.0	0.409	
554.1	0.367	
554.2	0.657	
554.31	0.757	
554.41	0.518	
554.53	0.398	
554.63	0.399	
554.74	0.426	
554.85	0.642	
554.95	0.45	
555.06	0.494	
555.16	0.563	
555.26	0.354	
555.37	0.32	
555.47	0.682	
555.58	0.511	
555.68	0.518	
555.79	0.344	
555.89	0.721	
556.0	0.714	
556.1	0.546	
556.2	0.377	
556.31	0.355	
556.41	0.593	
556.52	0.503	
556.62	0.44	
556.73	0.451	
556.85	0.595	
556.95	0.712	
557.05	0.418	
557.15	0.422	
557.26	0.411	
557.36	0.658	
557.47	0.528	
557.57	0.48	
557.68	0.375	
557.78	0.638	
557.88	0.606	
557.98	0.526	
558.09	0.485	
558.19	0.505	
558.29	0.538	
558.39	0.442	
558.5	0.57	
558.6	0.587	
558.71	0.394	
558.81	0.303	
558.91	0.477	
559.01	0.683	
559.13	0.666	
559.23	0.367	
559.33	0.482	
559.44	0.346	
559.54	0.686	
559.64	0.34	
559.75	0.345	
559.85	0.662	
559.95	0.432	
560.06	0.422	
560.16	0.479	
560.26	0.487	
560.36	0.536	
560.46	0.468	
560.57	0.486	
560.67	0.458	
560.78	0.526	
560.88	0.457	
560.98	0.468	
561.09	0.439	
561.19	0.629	
561.29	0.587	
561.41	0.408	
561.52	0.416	
561.63	0.436	
561.74	0.649	
561.84	0.306	
561.94	0.348	
562.05	0.499	
562.15	0.694	
562.25	0.687	
562.36	0.357	
562.46	0.485	
562.56	0.434	
562.67	0.552	
562.77	0.535	
562.88	0.522	
562.98	0.462	
563.08	0.439	
563.18	0.497	
563.29	0.456	
563.39	0.488	
563.49	0.528	
563.6	0.452	
563.72	0.453	
563.82	0.552	
563.93	0.485	
564.03	0.449	
564.14	0.512	
564.24	0.587	
564.34	0.468	
564.44	0.449	
564.55	0.418	
564.65	0.504	
564.75	0.483	
564.85	0.54	
564.96	0.504	
565.06	0.458	
565.16	0.458	
565.26	0.445	
565.37	0.547	
565.47	0.464	
565.58	0.563	
565.68	0.496	
565.79	0.509	
565.89	0.566	
566.01	0.444	
566.11	0.506	
566.22	0.405	
566.32	0.368	
566.42	0.422	
566.53	0.517	
566.63	0.584	
566.74	0.54	
566.84	0.44	
566.94	0.447	
567.05	0.509	
567.15	0.448	
567.25	0.441	
567.36	0.438	
567.46	0.521	
567.57	0.593	
567.67	0.406	
567.77	0.467	
567.88	0.494	
567.98	0.61	
568.08	0.396	
568.19	0.397	
568.31	0.541	
568.42	0.558	
568.53	0.448	
568.63	0.45	
568.74	0.42	
568.84	0.485	
568.94	0.559	
569.05	0.537	
569.15	0.439	
569.25	0.43	
569.36	0.467	
569.46	0.48	
569.57	0.423	
569.67	0.47	
569.77	0.473	
569.87	0.458	
569.98	0.435	
570.08	0.491	
570.19	0.526	
570.29	0.536	
570.4	0.434	
570.5	0.491	
570.62	0.462	
570.72	0.395	
570.83	0.42	
570.93	0.549	
571.03	0.506	
571.14	0.44	
571.24	0.431	
571.35	0.554	
571.45	0.454	
571.55	0.434	
571.65	0.372	
571.76	0.492	
571.86	0.482	
571.97	0.457	
572.07	0.486	
572.17	0.482	
572.28	0.414	
572.38	0.45	
572.48	0.393	
572.59	0.453	
572.69	0.47	
572.79	0.413	
572.91	0.423	
573.02	0.417	
573.12	0.587	
573.22	0.469	
573.33	0.436	
573.43	0.526	
573.53	0.515	
573.64	0.451	
573.74	0.432	
573.84	0.525	
573.95	0.439	
574.05	0.454	
574.16	0.433	
574.26	0.457	
574.37	0.501	
574.47	0.468	
574.58	0.443	
574.69	0.507	
574.79	0.495	
574.9	0.414	
575.01	0.43	
575.12	0.488	
575.24	0.526	
575.35	0.481	
575.46	0.423	
575.57	0.427	
575.68	0.423	
575.79	0.502	
575.89	0.41	
576.0	0.439	
576.11	0.466	
576.21	0.471	
576.32	0.448	
576.42	0.473	
576.53	0.467	
576.64	0.412	
576.75	0.436	
576.85	0.36	
576.96	0.399	
577.06	0.376	
577.17	0.464	
577.27	0.455	
577.38	0.424	
577.5	0.448	
577.61	0.459	
577.72	0.392	
577.82	0.457	
577.93	0.503	
578.04	0.463	
578.14	0.442	
578.25	0.453	
578.36	0.475	
578.47	0.48	
578.58	0.523	
578.68	0.426	
578.79	0.437	
578.9	0.372	
579.0	0.512	
579.11	0.5	
579.22	0.545	
579.32	0.404	
579.43	0.4	
579.54	0.453	
579.65	0.517	
579.76	0.489	
579.88	0.469	
579.99	0.385	
580.09	0.402	
580.2	0.482	
580.31	0.464	
580.42	0.434	
580.53	0.523	
580.63	0.509	
580.74	0.455	
580.85	0.468	
580.95	0.472	
581.06	0.42	
581.17	0.462	
581.27	0.494	
581.38	0.47	
581.49	0.475	
581.6	0.468	
581.7	0.44	
581.81	0.558	
581.92	0.459	
582.03	0.413	
582.13	0.446	
582.26	0.477	
582.37	0.425	
582.47	0.437	
582.59	0.484	
582.69	0.46	
582.8	0.366	
582.91	0.561	
583.01	0.427	
583.12	0.464	
583.23	0.414	
583.34	0.455	
583.45	0.46	
583.57	0.433	
583.68	0.431	
583.78	0.442	
583.89	0.444	
584.0	0.527	
584.1	0.452	
584.21	0.399	
584.31	0.455	
584.42	0.491	
584.53	0.403	
584.66	0.371	
584.76	0.434	
584.86	0.452	
584.97	0.449	
585.08	0.44	
585.18	0.505	
585.29	0.443	
585.4	0.461	
585.51	0.468	
585.62	0.461	
585.72	0.417	
585.83	0.375	
585.93	0.418	
586.04	0.509	
586.15	0.482	
586.25	0.441	
586.36	0.393	
586.47	0.408	
586.58	0.44	
586.68	0.428	
586.79	0.481	
586.9	0.422	
587.03	0.494	
587.13	0.451	
587.24	0.425	
587.35	0.503	
587.46	0.477	
587.56	0.471	
587.67	0.416	
587.78	0.438	
587.88	0.496	
587.99	0.451	
588.1	0.381	
588.2	0.434	
588.31	0.441	
588.41	0.464	
588.52	0.478	
588.63	0.443	
588.74	0.45	
588.84	0.472	
588.95	0.441	
589.06	0.439	
589.16	0.462	
589.27	0.449	
589.4	0.423	
589.5	0.453	
589.61	0.453	
589.72	0.433	
589.82	0.443	
589.93	0.481	
590.03	0.45	
590.14	0.433	
590.25	0.414	
590.36	0.52	
590.46	0.511	
590.57	0.474	
590.68	0.428	
590.78	0.43	
590.89	0.404	
591.0	0.362	
591.1	0.494	
591.21	0.479	
591.32	0.556	
591.42	0.467	
591.53	0.449	
591.64	0.438	
591.76	0.494	
591.86	0.472	
591.97	0.46	
592.08	0.492	
592.19	0.479	
592.29	0.46	
592.41	0.45	
592.51	0.502	
592.62	0.47	
592.73	0.446	
592.84	0.403	
592.94	0.493	
593.05	0.446	
593.16	0.441	
593.27	0.469	
593.37	0.52	
593.48	0.493	
593.59	0.446	
593.69	0.425	
593.8	0.498	
593.91	0.449	
594.02	0.393	
594.14	0.461	
594.25	0.471	
594.35	0.449	
594.46	0.523	
594.56	0.484	
594.67	0.407	
594.78	0.444	
594.88	0.445	
595.0	0.498	
595.1	0.48	
595.21	0.45	
595.32	0.449	
595.43	0.443	
595.54	0.468	
595.64	0.428	
595.75	0.465	
595.86	0.482	
595.96	0.458	
596.07	0.442	
596.18	0.502	
596.29	0.481	
596.39	0.485	
596.51	0.477	
596.62	0.489	
596.72	0.506	
596.83	0.45	
596.94	0.438	
597.04	0.456	
597.15	0.414	
597.25	0.489	
597.36	0.454	
597.46	0.511	
597.57	0.432	
597.68	0.447	
597.78	0.439	
597.89	0.494	
598.0	0.375	
598.11	0.508	
598.21	0.536	
598.32	0.466	
598.43	0.388	
598.54	0.462	
598.64	0.441	
598.75	0.574	
598.87	0.437	
598.98	0.431	
599.09	0.522	
599.19	0.469	
599.3	0.52	
599.41	0.42	
599.52	0.484	
599.62	458.0	
599.73	0.495	
599.84	0.474	
599.95	0.443	
600.06	0.447	
600.17	0.463	
600.27	0.411	
600.38	0.561	
600.49	0.537	
600.6	0.525	
600.7	0.559	
600.81	0.485	
600.92	0.483	
601.02	0.468	
601.13	0.445	
601.26	0.503	
601.36	0.491	
601.47	0.437	
601.58	0.404	
601.69	0.524	
601.8	0.551	
601.9	0.429	
602.01	0.462	
602.12	0.48	
602.23	0.443	
602.33	0.481	
602.44	0.503	
602.55	0.439	
602.66	0.513	
602.76	0.409	
602.87	0.442	
602.98	0.478	
603.08	0.516	
603.19	0.492	
603.3	0.408	
603.41	0.437	
603.52	0.456	
603.64	0.419	
603.75	0.476	
603.86	0.478	
603.96	0.5	
604.07	0.404	
604.18	0.458	
604.29	0.456	
604.4	0.474	
604.51	0.426	
604.62	0.529	
604.73	0.484	
604.84	0.435	
604.95	0.422	
605.06	0.509	
605.16	0.512	
605.27	0.478	
605.38	0.503	
605.49	0.494	
605.6	0.427	
605.71	0.479	
605.82	0.5	
605.92	0.491	
606.05	0.441	
606.16	0.481	
606.27	0.474	
606.37	0.446	
606.48	0.394	
606.59	0.417	
606.7	0.467	
606.81	0.472	
606.91	0.489	
607.02	0.476	
607.13	0.535	
607.24	0.458	
607.35	0.414	
607.46	0.484	
607.57	0.53	
607.68	0.535	
607.78	0.472	
607.9	0.5	
608.0	0.469	
608.12	0.506	
608.22	0.392	
608.33	0.461	
608.45	0.488	
608.57	0.461	
608.67	0.495	
608.78	0.496	
608.89	0.452	
609.0	0.507	
609.11	0.528	
609.22	0.433	
609.33	0.426	
609.44	0.524	
609.56	0.52	
609.66	0.53	
609.77	0.42	
609.88	0.418	
609.99	0.425	
610.1	0.498	
610.21	0.465	
610.31	0.512	
610.42	0.488	
610.53	0.425	
610.64	0.457	
610.75	0.475	
610.87	0.544	
610.98	0.502	
611.08	0.438	
611.19	0.469	
611.3	0.457	
611.41	0.508	
611.52	0.463	
611.63	0.434	
611.74	0.479	
611.85	0.462	
611.96	0.461	
612.07	0.429	
612.18	0.451	
612.29	0.47	
612.4	0.503	
612.5	0.492	
612.61	0.456	
612.72	0.468	
612.83	0.471	
612.94	0.481	
613.05	0.484	
613.16	0.493	
613.28	0.524	
613.39	0.524	
613.5	0.514	
613.61	0.463	
613.72	0.472	
613.83	0.475	
613.94	0.49	
614.04	0.532	
614.15	0.526	
614.26	0.506	
614.37	0.443	
614.48	0.521	
614.59	0.558	
614.7	0.521	
614.81	0.518	
614.92	0.41	
615.02	0.455	
615.13	0.487	
615.24	0.551	
615.35	0.502	
615.46	0.482	
615.57	0.521	
615.7	0.523	
615.8	0.452	
615.91	0.577	
616.02	0.549	
616.13	0.456	
616.24	0.448	
616.35	0.47	
616.46	0.501	
616.57	0.52	
616.68	0.495	
616.79	0.437	
616.9	0.475	
617.01	0.514	
617.12	0.478	
617.23	0.497	
617.34	0.561	
617.45	0.468	
617.56	0.48	
617.67	0.503	
617.78	0.451	
617.88	0.473	
617.99	0.506	
618.12	0.475	
618.23	0.475	
618.34	0.447	
618.45	0.5	
618.55	0.499	
618.66	0.483	
618.77	0.444	
618.88	0.457	
618.98	0.469	
619.09	0.441	
619.2	0.442	
619.31	0.458	
619.42	0.495	
619.52	0.446	
619.64	0.461	
619.75	0.482	
619.86	0.489	
619.97	0.398	
620.07	0.422	
620.18	0.494	
620.29	0.46	
620.4	0.511	
620.53	0.502	
620.63	0.5	
620.74	0.483	
620.85	0.471	
620.96	0.403	
621.07	0.53	
621.18	0.412	
621.28	0.466	
621.39	0.505	
621.5	0.415	
621.61	0.56	
621.72	0.432	
621.83	0.507	
621.94	0.453	
622.05	0.432	
622.16	0.435	
622.27	0.497	
622.38	0.515	
622.49	0.495	
622.6	0.515	
622.71	0.432	
622.82	0.521	
622.94	0.49	
623.05	0.572	
623.16	0.478	
623.27	0.497	
623.37	0.43	
623.48	0.479	
623.59	0.501	
623.7	0.496	
623.8	0.507	
623.91	0.451	
624.02	0.474	
624.13	0.545	
624.24	0.458	
624.35	0.456	
624.46	0.533	
624.58	0.487	
624.69	0.451	
624.8	0.493	
624.91	0.468	
625.01	0.484	
625.12	0.437	
625.23	0.429	
625.35	0.505	
625.46	0.548	
625.57	0.523	
625.67	0.458	
625.78	0.506	
625.9	0.493	
626.01	0.474	
626.11	0.488	
626.22	0.507	
626.33	0.444	
626.44	0.524	
626.55	0.523	
626.66	0.486	
626.77	0.449	
626.87	0.423	
626.98	0.464	
627.09	0.465	
627.2	0.465	
627.31	0.475	
627.42	0.493	
627.53	0.472	
627.63	0.451	
627.76	0.47	
627.86	0.439	
627.97	0.524	
628.09	0.455	
628.19	0.437	
628.3	0.473	
628.41	0.483	
628.52	0.491	
628.63	0.45	
628.74	0.463	
628.85	0.468	
628.96	0.502	
629.07	0.48	
629.18	0.47	
629.28	0.415	
629.39	0.488	
629.5	0.413	
629.61	0.52	
629.72	0.548	
629.83	0.439	
629.94	0.481	
630.04	0.465	
630.17	0.444	
630.28	0.532	
630.38	0.527	
630.49	0.545	
630.6	0.517	
630.71	0.511	
630.82	0.522	
630.93	0.456	
631.04	0.499	
631.14	0.474	
631.25	0.519	
631.36	0.475	
631.47	0.407	
631.58	0.5	
631.69	0.568	
631.8	0.487	
631.91	0.487	
632.01	0.468	
632.12	0.486	
632.23	0.462	
632.34	0.474	
632.45	0.509	
632.57	0.417	
632.68	0.44	
632.79	0.468	
632.91	0.457	
633.01	0.508	
633.13	0.426	
633.23	0.433	
633.34	0.44	
633.45	0.449	
633.56	0.422	
633.67	0.425	
633.78	0.462	
633.89	0.417	
634.0	0.441	
634.11	0.496	
634.22	0.511	
634.33	0.528	
634.44	0.434	
634.55	0.436	
634.65	0.537	
634.76	0.477	
634.87	0.43	
635.0	0.527	
635.11	0.463	
635.22	0.379	
635.33	0.458	
635.44	0.515	
635.55	0.483	
635.66	0.449	
635.77	0.452	
635.87	0.445	
635.98	0.52	
636.09	0.481	
636.2	0.503	
636.31	0.486	
636.42	0.477	
636.53	0.458	
636.64	0.485	
636.75	0.496	
636.86	0.52	
636.97	0.435	
637.07	0.441	
637.19	0.49	
637.29	0.473	
637.42	0.462	
637.53	0.429	
637.63	0.425	
637.74	0.489	
637.85	0.479	
637.96	0.479	
638.07	0.412	
638.18	0.449	
638.29	0.518	
638.4	0.481	
638.52	0.551	
638.62	0.444	
638.73	0.478	
638.85	0.44	
638.95	0.519	
639.06	0.479	
639.18	0.45	
639.29	0.494	
639.4	0.481	
639.51	0.493	
639.62	0.409	
639.73	0.49	
639.85	0.486	
639.96	0.481	
640.07	0.518	
640.18	0.447	
640.29	0.372	
640.39	0.489	
640.5	0.425	
640.61	0.446	
640.72	0.49	
640.83	0.422	
640.94	0.428	
641.05	0.486	
641.16	0.544	
641.27	0.424	
641.38	0.475	
641.48	0.455	
641.59	0.467	
641.7	0.523	
641.81	0.506	
641.92	0.517	
642.03	0.516	
642.14	0.491	
642.26	0.451	
642.37	0.489	
642.48	0.539	
642.59	0.536	
642.7	0.478	
642.81	0.525	
642.92	0.469	
643.03	0.495	
643.14	0.559	
643.25	0.507	
643.36	0.434	
643.47	0.433	
643.58	0.478	
643.69	0.484	
643.8	0.52	
643.91	0.483	
644.02	0.506	
644.14	0.505	
644.25	0.492	
644.36	0.468	
644.47	0.549	
644.58	0.514	
644.7	0.51	
644.81	0.476	
644.92	0.447	
645.04	0.519	
645.14	0.533	
645.25	0.443	
645.36	0.458	
645.47	0.508	
645.58	0.451	
645.69	0.441	
645.8	0.495	
645.91	0.48	
646.02	0.492	
646.13	0.52	
646.24	0.498	
646.35	0.436	
646.46	0.553	
646.57	0.455	
646.68	0.452	
646.78	0.508	
646.89	0.499	
647.01	0.473	
647.13	0.41	
647.24	0.538	
647.35	0.388	
647.46	0.472	
647.57	0.524	
647.68	0.539	
647.78	0.486	
647.89	0.416	
648.0	0.414	
648.11	0.46	
648.22	0.505	
648.33	0.493	
648.44	0.477	
648.55	0.452	
648.66	0.418	
648.77	0.476	
648.88	0.491	
648.99	0.467	
649.1	0.456	
649.21	0.358	
649.32	0.504	
649.43	0.478	
649.56	0.44	
649.67	0.477	
649.78	0.452	
649.89	0.405	
650.0	0.469	
650.1	0.48	
650.22	0.49	
650.33	0.416	
650.43	0.42	
650.55	0.487	
650.66	0.445	
650.77	0.417	
650.88	0.488	
650.99	0.494	
651.09	0.468	
651.2	0.441	
651.31	0.442	
651.42	0.452	
651.53	0.53	
651.64	0.441	
651.75	0.446	
651.86	0.459	
651.98	0.479	
652.09	0.426	
652.2	0.492	
652.31	0.454	
652.42	0.434	
652.53	0.423	
652.64	0.448	
652.74	0.505	
652.85	0.485	
652.96	0.474	
653.07	0.52	
653.18	0.454	
653.29	0.428	
653.4	0.492	
653.51	0.497	
653.62	0.492	
653.73	0.549	
653.84	0.427	
653.95	0.518	
654.06	0.485	
654.17	0.479	
654.28	0.506	
654.41	0.381	
654.51	0.464	
654.62	0.517	
654.73	0.419	
654.84	0.41	
654.95	0.365	
655.06	0.382	
655.16	0.424	
655.27	0.414	
655.38	0.404	
655.49	0.459	
655.6	0.482	
655.71	0.427	
655.83	0.42	
655.93	0.444	
656.04	0.438	
656.15	0.426	
656.26	0.522	
656.37	0.444	
656.49	0.507	
656.59	0.43	
656.71	0.406	
656.83	0.529	
656.94	0.505	
657.05	0.408	
657.16	0.537	
657.27	0.462	
657.38	0.435	
657.49	0.397	
657.6	0.479	
657.71	0.429	
657.82	0.352	
657.93	0.473	
658.04	0.468	
658.15	0.455	
658.26	0.449	
658.37	0.431	
658.48	0.459	
658.59	0.461	
658.7	0.459	
658.81	0.446	
658.92	0.465	
659.03	0.476	
659.14	0.488	
659.27	0.415	
659.38	0.388	
659.49	0.429	
659.6	0.485	
659.71	0.439	
659.82	0.481	
659.92	0.453	
660.03	0.412	
660.14	0.442	
660.25	0.399	
660.37	0.497	
660.47	0.482	
660.58	0.466	
660.69	0.395	
660.8	0.457	
660.91	0.42	
661.02	0.468	
661.13	0.46	
661.24	0.412	
661.35	0.393	
661.46	0.448	
661.57	0.461	
661.69	0.407	
661.8	0.413	
661.91	0.425	
662.03	0.455	
662.14	0.502	
662.25	0.487	
662.36	0.404	
662.48	0.445	
662.59	0.414	
662.7	0.386	
662.81	0.448	
662.92	0.475	
663.03	0.418	
663.14	0.45	
663.25	0.423	
663.36	0.474	
663.47	0.419	
663.58	0.395	
663.69	0.348	
663.8	0.43	
663.91	0.449	
664.02	0.46	
664.14	0.417	
664.25	0.439	
664.36	0.442	
664.47	0.439	
664.58	0.4	
664.69	0.391	
664.8	0.447	
664.91	0.394	
665.02	0.49	
665.13	0.42	
665.24	0.383	
665.35	0.466	
665.46	0.46	
665.57	0.441	
665.67	0.353	
665.79	0.496	
665.9	0.469	
666.01	0.436	
666.12	0.422	
666.23	0.465	
666.34	0.442	
666.45	0.46	
666.57	0.43	
666.68	0.5	
666.79	0.423	
666.9	0.401	
667.01	0.437	
667.12	0.538	
667.23	0.396	
667.34	0.412	
667.45	0.434	
667.56	0.427	
667.67	0.425	
667.78	0.46	
667.89	0.458	
668.0	0.457	
668.11	0.419	
668.22	0.394	
668.33	0.376	
668.44	0.454	
668.55	0.409	
668.67	0.488	
668.78	0.417	
668.88	0.439	
669.01	0.417	
669.12	0.411	
669.23	0.431	
669.34	0.493	
669.46	0.438	
669.57	0.461	
669.68	0.408	
669.79	0.399	
669.9	0.47	
670.02	0.366	
670.13	0.413	
670.24	0.422	
670.35	0.415	
670.46	0.42	
670.57	0.463	
670.69	0.404	
670.8	0.484	
670.91	0.411	
671.02	0.432	
671.13	0.488	
671.24	0.413	
671.36	0.389	
671.49	0.428	
671.6	0.565	
671.71	0.461	
671.82	0.367	
671.93	0.529	
672.04	0.313	
672.16	0.396	
672.27	0.457	
672.38	0.517	
672.49	0.496	
672.6	0.376	
672.71	0.425	
672.83	0.431	
672.94	0.429	
673.05	0.418	
673.16	0.435	
673.27	0.414	
673.38	0.475	
673.49	0.401	
673.61	0.411	
673.72	0.488	
673.84	0.445	
673.96	0.448	
674.07	0.435	
674.18	0.488	
674.3	0.466	
674.41	0.496	
674.52	0.475	
674.63	0.434	
674.74	0.469	
674.85	0.446	
674.96	0.518	
675.07	0.463	
675.19	0.51	
675.3	0.341	
675.41	0.462	
675.52	0.494	
675.64	0.528	
675.75	0.424	
675.86	0.445	
675.97	0.37	
676.08	0.415	
676.19	0.481	
676.32	0.457	
676.43	0.346	
676.54	0.395	
676.66	0.479	
676.77	0.487	
676.88	0.378	
676.99	0.405	
677.1	0.469	
677.21	0.371	
677.32	0.456	
677.44	0.539	
677.55	0.456	
677.66	0.433	
677.77	0.397	
677.88	0.475	
677.99	0.464	
678.1	0.507	
678.22	0.493	
678.33	0.454	
678.44	0.319	
678.55	0.422	
678.66	0.433	
678.79	0.507	
678.9	0.451	
679.01	0.396	
679.13	0.38	
679.24	0.443	
679.35	0.424	
679.46	0.435	
679.57	0.416	
679.68	0.419	
679.8	0.444	
679.91	0.393	
680.02	0.46	
680.13	0.462	
680.25	0.544	
680.36	0.426	
680.47	0.404	
680.58	0.415	
680.69	0.403	
680.81	0.422	
680.92	0.494	
681.03	0.462	
681.14	0.388	
681.27	0.458	
681.38	0.465	
681.5	0.461	
681.61	0.406	
681.72	0.436	
681.83	0.413	
681.95	0.389	
682.06	0.34	
682.17	0.47	
682.28	0.415	
682.39	0.449	
682.5	0.277	
682.61	0.395	
682.73	0.566	
682.84	0.462	
682.95	0.387	
683.06	0.346	
683.17	0.444	
683.28	0.386	
683.39	0.459	
683.51	0.427	
683.62	0.425	
683.75	0.458	
683.86	0.43	
683.97	0.413	
684.08	0.478	
684.19	0.467	
684.31	0.479	
684.42	0.504	
684.53	0.456	
684.64	0.467	
684.75	0.454	
684.87	0.405	
684.98	0.421	
685.09	0.441	
685.2	0.478	
685.31	0.548	
685.43	0.461	
685.54	0.381	
685.65	0.398	
685.76	0.464	
685.87	0.497	
685.98	0.473	
686.11	0.453	
686.22	0.463	
686.34	0.43	
686.45	0.427	
686.56	0.5	
686.67	0.49	
686.78	0.424	
686.89	0.442	
687.01	0.429	
687.12	0.435	
687.23	0.457	
687.34	0.489	
687.45	0.441	
687.56	0.428	
687.67	0.316	
687.79	0.408	
687.9	0.448	
688.01	0.447	
688.12	0.415	
688.23	0.393	
688.34	0.392	
688.45	0.435	
688.59	0.373	
688.7	0.493	
688.81	0.463	
688.92	0.397	
689.04	0.356	
689.15	0.448	
689.26	0.389	
689.37	0.414	
689.48	0.397	
689.6	0.405	
689.71	0.476	
689.82	0.453	
689.93	0.388	
690.04	0.475	
690.16	0.429	
690.27	0.387	
690.38	0.393	
690.49	0.35	
690.61	0.478	
690.72	0.336	
690.83	0.36	
690.94	0.48	
691.07	0.32	
691.18	0.485	
691.29	0.478	
691.4	333.0	
691.51	0.429	
691.63	0.305	
691.74	0.591	
691.85	0.281	
691.96	0.601	
692.08	0.429	
692.19	0.376	
692.3	0.313	
692.42	0.53	
692.54	0.52	
692.65	0.362	
692.76	0.45	
692.87	0.441	
692.99	0.315	
693.1	0.435	
693.21	0.327	
693.33	0.323	
693.44	0.437	
693.57	0.438	
693.68	0.486	
693.8	0.383	
693.91	0.432	
694.02	0.364	
694.14	0.423	
694.25	0.379	
694.36	0.388	
694.47	0.393	
694.59	0.405	
694.7	0.456	
694.81	0.418	
694.92	0.447	
695.04	0.374	
695.15	0.422	
695.26	0.522	
695.37	0.511	
695.49	0.315	
695.6	0.463	
695.73	0.296	
695.84	0.461	
695.98	0.299	
696.11	0.371	
696.23	0.398	
696.34	0.433	
696.46	0.42	
696.59	0.451	
696.71	0.387	
696.83	0.421	
696.95	0.384	
697.07	0.354	
697.2	0.319	
697.32	0.303	
697.43	0.39	
697.54	0.478	
697.66	0.334	
697.77	0.363	
697.88	0.374	
697.99	0.372	
698.11	0.367	
698.22	0.449	
698.35	0.391	
698.46	0.466	
698.6	0.434	
698.72	0.427	
698.85	0.444	
698.99	0.345	
699.1	0.33	
699.21	1.093	
699.34	1.243	
699.45	0.479	
699.57	0.735	
699.68	1.274	
699.79	0.625	
699.9	0.415	
700.02	0.433	
700.13	0.573	
700.24	0.331	
700.35	0.885	
700.47	0.374	
700.59	0.529	
700.7	1.077	
700.81	0.956	
700.93	1.585	
701.04	0.645	
701.17	0.822	
701.28	1.575	
701.4	0.75	
701.51	0.851	
701.63	1.594	
701.74	0.914	
701.85	1.342	
701.96	1.876	
702.08	1.703	
702.19	1.895	
702.3	0.957	
702.44	1.143	
702.56	1.609	
702.68	1.638	
702.79	1.635	
702.9	2.099	
703.02	0.82	
703.13	1.601	
703.24	0.995	
703.35	1.488	
703.47	1.456	
703.58	0.846	
703.71	1.201	
703.82	1.356	
703.93	1.768	
704.05	1.088	
704.16	0.88	
704.27	0.564	
704.38	0.889	
704.5	0.754	
704.61	1.073	
704.72	1.283	
704.84	1.406	
704.95	2.566	
705.06	2.438	
705.17	2.539	
705.29	2.99	
705.4	0.861	
705.51	2.647	
705.63	3.61	
705.74	1.083	
705.86	1.218	
705.97	1.073	
706.1	1.341	
706.21	2.424	
706.32	2.084	
706.43	1.415	
706.55	1.797	
706.66	1.327	
706.77	1.252	
706.88	1.19	
706.99	1.175	
707.11	1.121	
707.22	1.58	
707.34	1.624	
707.45	1.019	
707.56	0.836	
707.67	1.064	
707.79	0.906	
707.9	0.998	
708.02	1.102	
708.13	1.031	
708.25	0.7	
708.36	0.592	
708.48	0.863	
708.62	1.211	
708.73	1.013	
708.84	0.824	
708.96	1.263	
709.07	0.975	
709.18	0.726	
709.29	1.146	
709.4	1.002	
709.51	1.3	
709.63	1.422	
709.74	1.211	
709.85	1.376	
709.96	1.641	
710.09	0.891	
710.21	1.536	
710.34	1.246	
710.45	0.862	
710.57	1.411	
710.68	1.949	
710.79	1.397	
710.9	1.856	
711.02	1.875	
711.15	2.321	
711.26	2.284	
711.37	1.237	
711.48	0.702	
711.59	2.11	
711.7	2.129	
711.82	2.025	
711.93	3.3	
712.04	2.549	
712.16	2.76	
712.27	2.805	
712.38	1.71	
712.49	2.344	
712.61	1.448	
712.72	2.052	
712.83	2.615	
712.95	2.433	
713.06	3.682	
713.17	2.844	
713.28	3.334	
713.4	3.681	
713.51	2.794	
713.64	3.088	
713.75	2.894	
713.86	1.809	
713.98	2.914	
714.09	3.396	
714.2	4.143	
714.31	3.181	
714.42	4.268	
714.54	4.086	
714.67	3.356	
714.78	3.704	
714.89	3.086	
715.0	3.406	
715.12	3.649	
715.24	3.199	
715.35	4.47	
715.47	4.702	
715.58	3.448	
715.69	4.657	
715.8	4.093	
715.92	3.542	
716.05	4.666	
716.16	3.56	
716.27	4.125	
716.38	3.907	
716.5	4.341	
716.61	5.054	
716.72	4.663	
716.84	5.504	
716.95	4.323	
717.06	5.008	
717.17	4.065	
717.29	3.299	
717.4	5.672	
717.51	3.611	
717.63	5.476	
717.74	5.547	
717.85	4.364	
717.96	6.003	
718.08	4.171	
718.19	5.604	
718.3	4.827	
718.41	4.391	
718.55	4.493	
718.66	5.251	
718.77	3.962	
718.88	5.459	
719.0	5.947	
719.11	4.91	
719.22	5.039	
719.33	6.028	
719.45	4.358	
719.56	5.509	
719.67	4.107	
719.78	5.208	
719.9	5.985	
720.01	4.554	
720.13	5.433	
720.24	3.669	
720.37	9.715	
720.48	4.225	
720.59	8.268	
720.7	1.231	
720.82	11.538	
720.93	3.298	
721.06	4.263	
721.17	13.791	
721.29	3.306	
721.4	11.631	
721.51	1.904	
721.62	2.063	
721.74	6.205	
721.85	0.957	
721.96	1.186	
722.07	0.918	
722.19	1.781	
722.3	0.868	
722.41	3.567	
722.52	2.586	
722.64	4.563	
722.75	2.495	
722.87	6.987	
722.98	4.143	
723.1	10.549	
723.21	1.871	
723.32	5.849	
723.43	5.401	
723.56	4.709	
723.68	5.009	
723.8	4.184	
723.91	5.09	
724.03	5.197	
724.14	4.951	
724.25	4.767	
724.37	4.712	
724.48	5.672	
724.6	4.656	
724.71	5.003	
724.82	5.388	
724.94	4.423	
725.05	5.103	
725.16	3.539	
725.28	5.612	
725.39	5.035	
725.5	4.033	
725.62	5.332	
725.73	3.564	
725.85	5.296	
725.98	4.3	
726.09	4.018	
726.21	5.156	
726.33	4.571	
726.44	5.65	
726.55	4.471	
726.67	4.047	
726.79	4.048	
726.9	4.735	
727.01	3.686	
727.13	5.186	
727.24	4.104	
727.35	5.781	
727.46	4.769	
727.58	4.373	
727.69	5.382	
727.8	4.131	
727.92	4.581	
728.03	4.184	
728.15	4.632	
728.26	4.352	
728.37	4.738	
728.51	4.179	
728.62	4.329	
728.74	4.795	
728.85	5.029	
728.97	4.251	
729.08	4.728	
729.2	4.688	
729.31	4.421	
729.42	3.89	
729.54	9.786	
729.65	6.559	
729.77	10.871	
729.89	6.849	
730.0	1.864	
730.12	5.859	
730.23	10.224	
730.35	3.163	
730.46	8.142	
730.57	10.119	
730.68	4.503	
730.8	9.049	
730.91	16.863	
731.04	8.281	
731.15	9.943	
731.26	5.466	
731.38	6.094	
731.49	1.29	
731.6	4.316	
731.72	5.591	
731.83	11.799	
731.94	12.763	
732.05	3.702	
732.17	9.458	
732.28	5.528	
732.39	5.273	
732.51	8.744	
732.62	7.517	
732.73	4.669	
732.85	3.667	
732.96	11.278	
733.07	2.365	
733.19	4.864	
733.3	5.349	
733.41	4.378	
733.54	4.966	
733.66	4.678	
733.77	4.731	
733.88	3.688	
734.0	4.615	
734.11	5.262	
734.22	5.131	
734.34	4.428	
734.45	5.625	
734.56	4.67	
734.68	5.418	
734.79	4.905	
734.9	5.337	
735.02	4.449	
735.13	6.185	
735.24	5.452	
735.36	4.699	
735.47	5.664	
735.6	4.044	
735.71	5.617	
735.83	4.496	
735.96	4.452	
736.07	5.525	
736.19	4.541	
736.3	5.966	
736.42	4.886	
736.53	5.173	
736.65	6.189	
736.76	4.282	
736.88	5.115	
736.99	4.042	
737.11	5.702	
737.22	6.232	
737.33	3.866	
737.45	5.177	
737.56	5.71	
737.68	4.846	
737.79	5.778	
737.91	4.823	
738.03	4.725	
738.14	4.029	
738.25	5.35	
738.36	4.178	
738.5	5.684	
738.61	4.331	
738.72	5.361	
0.07	3.839	
0.13	6.444	
0.21	4.26	
0.29	5.268	
0.36	5.509	
0.44	4.366	
0.52	5.261	
0.59	4.759	
0.66	4.284	
0.73	5.036	
0.81	4.085	
0.88	4.697	
0.96	4.258	
1.04	3.82	
1.11	4.423	
1.18	3.535	
1.25	4.009	
1.33	3.423	
1.42	3.286	
1.5	3.934	
1.57	3.089	
1.66	3.376	
1.74	3.173	
1.82	2.371	
1.9	3.486	
1.97	2.148	
2.05	2.874	
2.13	2.502	
2.21	1.926	
2.29	2.429	
2.36	1.229	
2.43	1.46	
2.51	1.823	
2.58	0.642	
2.65	1.898	
2.74	1.84	
2.81	1.384	
2.88	1.54	
2.97	1.599	
3.04	1.636	
3.12	1.621	
3.19	0.486	
3.27	1.627	
3.34	1.263	
3.42	0.694	
3.49	1.38	
3.57	0.672	
3.65	0.717	
3.73	1.639	
3.81	0.746	
3.88	2.376	
3.98	1.82	
4.06	2.721	
4.14	3.114	
4.21	2.556	
4.28	3.58	
4.35	2.931	
4.43	3.708	
4.51	3.866	
4.58	2.89	
4.65	4.403	
4.72	3.553	
4.79	3.125	
4.86	3.712	
4.94	3.033	
5.01	4.397	
5.08	3.496	
5.15	3.472	
5.25	4.589	
5.32	3.44	
5.4	4.903	
5.47	4.302	
5.55	4.631	
5.63	5.22	
5.71	4.202	
5.79	5.645	
5.86	4.686	
5.94	5.155	
6.01	5.539	
6.08	10.273	
6.18	9.281	
6.26	17.195	
6.34	7.052	
6.42	10.9	
6.5	15.922	
6.57	6.59	
6.65	11.751	
6.74	8.525	
6.82	9.677	
6.91	13.54	
6.99	6.187	
7.06	11.422	
7.14	10.537	
7.22	7.123	
7.29	14.19	
7.37	8.607	
7.45	16.011	
7.53	8.258	
7.61	4.136	
7.71	13.102	
7.79	4.411	
7.87	14.713	
7.95	8.937	
8.03	3.968	
8.11	18.378	
8.2	4.426	
8.29	8.137	
8.37	5.695	
8.45	13.381	
8.53	9.953	
8.62	7.719	
8.69	6.158	
8.77	5.963	
8.85	4.136	
8.94	13.957	
9.02	3.329	
9.1	4.814	
9.18	1.758	
9.26	8.273	
9.35	4.514	
9.43	5.763	
9.5	2.097	
9.58	3.308	
9.67	7.626	
9.76	2.986	
9.83	8.606	
9.91	6.194	
10.0	2.639	
10.08	7.322	
10.16	1.755	
10.25	1.768	
10.33	6.569	
10.4	3.643	
10.48	4.276	
10.56	4.801	
10.65	4.68	
10.73	4.196	
10.81	4.941	
10.91	4.748	
10.99	4.915	
11.07	5.385	
11.14	4.371	
11.22	5.567	
11.3	4.699	
11.38	4.556	
11.46	5.198	
11.54	3.94	
11.62	4.964	
11.69	4.209	
11.77	3.965	
11.85	4.829	
11.93	3.516	
12.02	4.529	
12.12	4.049	
12.19	4.581	
12.27	5.248	
12.35	3.972	
12.44	5.118	
12.52	4.526	
12.61	4.583	
12.69	5.296	
12.77	4.138	
12.84	5.046	
12.92	4.649	
13.0	4.259	
13.08	5.254	
13.16	3.874	
13.23	4.907	
13.31	4.629	
13.39	4.143	
13.47	4.996	
13.55	4.12	
13.63	5.006	
13.71	4.927	
13.8	6.567	
13.89	3.563	
13.98	6.087	
14.06	3.858	
14.14	4.856	
14.22	7.728	
14.3	2.733	
14.38	4.811	
14.46	1.964	
14.54	4.042	
14.62	8.985	
14.7	2.388	
14.78	9.887	
14.86	2.338	
14.94	2.14	
15.04	6.269	
15.13	6.287	
15.22	8.769	
15.31	5.855	
15.4	2.281	
15.48	6.129	
15.58	2.353	
15.67	7.386	
15.75	2.8	
15.83	4.021	
15.91	4.256	
16.0	1.724	
16.08	6.187	
16.18	8.226	
16.26	5.01	
16.35	2.606	
16.44	6.711	
16.52	4.753	
16.6	9.572	
16.67	2.424	
16.76	2.394	
16.85	5.868	
16.94	4.247	
17.02	4.248	
17.1	5.588	
17.2	1.286	
17.28	8.447	
17.38	1.137	
17.46	6.251	
17.54	2.44	
17.64	4.199	
17.72	9.241	
17.8	2.919	
17.89	3.813	
17.98	6.502	
18.06	2.141	
18.14	11.659	
18.23	3.835	
18.33	4.455	
18.41	5.07	
18.5	5.351	
18.58	4.26	
18.67	5.105	
18.76	4.641	
18.86	4.285	
18.94	5.327	
19.03	3.804	
19.11	4.878	
19.19	5.088	
19.27	4.636	
19.36	5.31	
19.45	4.413	
19.53	5.841	
19.63	5.046	
19.72	4.884	
19.8	6.338	
19.89	4.896	
19.98	6.151	
20.07	5.061	
20.16	4.654	
20.24	5.475	
20.33	4.123	
20.42	5.073	
20.51	4.612	
20.59	4.109	
0.02	3.055	
0.08	5.93	
0.17	4.493	
0.25	3.519	
0.33	5.464	
0.41	3.721	
0.49	4.31	
0.57	4.761	
0.64	3.888	
0.72	4.821	
0.81	4.651	
0.89	4.394	
0.97	4.84	
1.04	3.499	
1.12	4.288	
1.2	3.918	
1.28	3.141	
1.38	3.591	
1.46	2.9	
1.53	2.942	
1.61	2.529	
1.69	2.2	
1.77	2.467	
1.85	1.79	
1.93	1.486	
2.0	2.213	
2.08	1.559	
2.15	2.213	
2.23	2.49	
2.32	2.197	
2.4	2.122	
2.49	1.114	
2.57	0.893	
2.64	0.914	
2.72	0.304	
2.79	0.45	
2.86	1.384	
2.95	0.447	
3.04	2.362	
3.12	1.271	
3.2	1.593	
3.28	2.848	
3.35	2.269	
3.43	3.171	
3.5	2.886	
3.58	4.143	
3.66	3.803	
3.73	3.145	
3.81	4.771	
3.88	3.067	
3.98	3.545	
4.05	4.471	
4.13	2.983	
4.21	4.583	
4.28	3.455	
4.35	4.181	
4.43	4.611	
4.49	3.715	
4.58	4.96	
4.65	4.054	
4.73	4.661	
4.8	5.01	
4.87	4.229	
4.94	5.755	
5.02	4.235	
5.09	4.352	
5.16	17.309	
5.24	12.568	
5.31	6.291	
5.4	12.676	
5.47	9.691	
5.55	8.161	
5.62	15.945	
5.7	4.55	
5.77	13.306	
5.85	5.886	
5.94	2.947	
6.02	9.368	
6.11	4.238	
6.18	8.295	
6.26	9.224	
6.34	5.513	
6.41	12.431	
6.49	6.722	
6.57	13.778	
6.64	6.003	
6.73	2.62	
6.8	15.781	
6.89	3.124	
6.97	4.788	
7.05	5.53	
7.12	3.512	
7.2	12.98	
7.28	3.044	
7.36	7.514	
7.44	2.759	
7.51	7.074	
7.61	12.705	
7.69	6.169	
7.77	2.575	
7.85	6.809	
7.93	3.457	
8.01	12.231	
8.09	5.578	
8.17	3.266	
8.25	1.897	
8.33	12.302	
8.4	1.462	
8.48	5.038	
8.56	7.576	
8.65	1.88	
8.72	8.387	
8.8	3.301	
8.87	4.391	
8.95	6.381	
9.02	1.045	
9.12	3.582	
9.19	5.952	
9.27	4.111	
9.34	3.958	
9.43	4.779	
9.51	4.104	
9.58	4.488	
9.66	5.332	
9.74	4.244	
9.82	5.335	
9.91	4.566	
9.99	4.501	
10.06	5.335	
10.14	4.315	
10.22	5.323	
10.29	4.778	
10.37	4.445	
10.45	4.904	
10.53	3.986	
10.61	4.608	
10.71	4.146	
10.79	4.093	
10.87	4.734	
10.94	3.773	
11.02	4.609	
11.09	4.755	
11.18	4.144	
11.26	5.374	
11.34	4.275	
11.41	4.871	
11.49	4.727	
11.57	4.38	
11.65	5.313	
11.72	4.136	
11.8	5.266	
11.88	4.649	
11.96	4.005	
12.04	5.269	
12.12	3.666	
12.21	4.89	
12.29	4.678	
12.37	4.224	
12.45	5.098	
12.52	4.911	
12.6	3.551	
12.68	4.239	
12.76	7.508	
12.84	2.472	
12.91	7.724	
12.99	5.293	
13.07	4.192	
13.15	6.472	
13.23	1.553	
13.3	7.922	
13.39	5.156	
13.47	4.603	
13.57	6.074	
13.65	1.056	
13.74	4.564	
13.82	3.58	
13.92	1.645	
14.01	6.545	
14.08	3.558	
14.17	7.678	
14.25	2.579	
14.33	1.507	
14.41	4.551	
14.49	5.639	
14.57	3.96	
14.65	3.304	
14.73	1.658	
14.82	5.704	
14.9	9.253	
14.98	6.041	
15.06	3.549	
15.15	4.508	
15.23	9.116	
15.33	11.637	
15.41	2.518	
15.49	4.331	
15.57	7.459	
15.66	5.176	
15.76	8.618	
15.85	2.871	
15.93	3.005	
16.02	6.892	
16.1	1.926	
16.18	13.164	
16.27	1.401	
16.35	4.953	
16.44	5.601	
16.52	1.879	
16.6	11.69	
16.68	2.714	
16.77	2.899	
16.86	8.774	
16.96	3.761	
17.05	5.128	
17.13	5.521	
17.21	5.06	
17.31	4.414	
17.39	5.364	
17.47	4.259	
17.55	4.916	
17.63	4.71	
17.72	3.773	
17.8	5.176	
17.88	3.948	
17.96	4.848	
18.05	5.177	
18.13	4.491	
18.21	5.786	
18.29	4.831	
18.37	5.581	
18.45	5.771	
18.55	5.056	
18.63	6.12	
18.73	4.874	
18.81	5.344	
18.9	5.399	
18.99	4.165	
19.07	5.361	
19.15	4.282	
19.25	4.859	
19.34	5.164	
19.42	4.117	
19.5	5.468	
19.59	4.489	
